"plant_species","animal_species","plot","date","type","plot_date_type","frequency"
"Erianthemum dregei","Anaplectes rubriceps","cof1",2014-12-15,"Bird-fruit","cof1_2014-12-15_Bird-fruit",11
"Erianthemum dregei","Cinnyricinclus leucogaster","cof1",2014-12-15,"Bird-fruit","cof1_2014-12-15_Bird-fruit",3
"Cissus oliveri","Pycnonotus barbatus","cof1",2014-12-15,"Bird-fruit","cof1_2014-12-15_Bird-fruit",1
"Maesopsis eminii","Bycanistes brevis","cof2",2014-07-14,"Bird-fruit","cof2_2014-07-14_Bird-fruit",55
"Trema orientalis","Bycanistes brevis","cof2",2014-07-14,"Bird-fruit","cof2_2014-07-14_Bird-fruit",7
"Trema orientalis","Cinnyricinclus leucogaster","cof2",2014-07-14,"Bird-fruit","cof2_2014-07-14_Bird-fruit",7
"Solanum nigrum","Colius striatus","cof2",2014-07-14,"Bird-fruit","cof2_2014-07-14_Bird-fruit",1
"Maesopsis eminii","Onychognathus morio","cof2",2014-07-14,"Bird-fruit","cof2_2014-07-14_Bird-fruit",7
"Trema orientalis","Ploceus baglafecht","cof2",2014-07-14,"Bird-fruit","cof2_2014-07-14_Bird-fruit",20
"Trema orientalis","Poeoptera kenricki","cof2",2014-07-14,"Bird-fruit","cof2_2014-07-14_Bird-fruit",1
"Trema orientalis","Pycnonotus barbatus","cof2",2014-07-14,"Bird-fruit","cof2_2014-07-14_Bird-fruit",77
"Maesopsis eminii","Tockus alboterminatus","cof2",2014-07-14,"Bird-fruit","cof2_2014-07-14_Bird-fruit",4
"Erianthemum dregei","Anaplectes rubriceps","cof3",2014-07-21,"Bird-fruit","cof3_2014-07-21_Bird-fruit",3
"Ficus thonningii","Anaplectes rubriceps","cof3",2014-07-21,"Bird-fruit","cof3_2014-07-21_Bird-fruit",5
"Trema orientalis","Anaplectes rubriceps","cof3",2014-07-21,"Bird-fruit","cof3_2014-07-21_Bird-fruit",13
"Ficus thonningii","Bycanistes brevis","cof3",2014-07-21,"Bird-fruit","cof3_2014-07-21_Bird-fruit",11
"Trema orientalis","Chrysococcyx klaas","cof3",2014-07-21,"Bird-fruit","cof3_2014-07-21_Bird-fruit",5
"Erianthemum dregei","Cinnyricinclus leucogaster","cof3",2014-07-21,"Bird-fruit","cof3_2014-07-21_Bird-fruit",10
"Ficus thonningii","Cinnyricinclus leucogaster","cof3",2014-07-21,"Bird-fruit","cof3_2014-07-21_Bird-fruit",28
"Trema orientalis","Cinnyricinclus leucogaster","cof3",2014-07-21,"Bird-fruit","cof3_2014-07-21_Bird-fruit",125
"Solanum nigrum","Colius striatus","cof3",2014-07-21,"Bird-fruit","cof3_2014-07-21_Bird-fruit",3
"Trema orientalis","Colius striatus","cof3",2014-07-21,"Bird-fruit","cof3_2014-07-21_Bird-fruit",1
"Ficus thonningii","Dioptrornis fischeri","cof3",2014-07-21,"Bird-fruit","cof3_2014-07-21_Bird-fruit",5
"Erianthemum dregei","Emberiza flaviventris","cof3",2014-07-21,"Bird-fruit","cof3_2014-07-21_Bird-fruit",1
"Ficus thonningii","Emberiza flaviventris","cof3",2014-07-21,"Bird-fruit","cof3_2014-07-21_Bird-fruit",1
"Ficus thonningii","Emberiza tahapisi","cof3",2014-07-21,"Bird-fruit","cof3_2014-07-21_Bird-fruit",1
"Trema orientalis","Lybius melanopterus","cof3",2014-07-21,"Bird-fruit","cof3_2014-07-21_Bird-fruit",2
"Erianthemum dregei","Ploceus baglafecht","cof3",2014-07-21,"Bird-fruit","cof3_2014-07-21_Bird-fruit",1
"Ficus thonningii","Ploceus baglafecht","cof3",2014-07-21,"Bird-fruit","cof3_2014-07-21_Bird-fruit",3
"Trema orientalis","Ploceus baglafecht","cof3",2014-07-21,"Bird-fruit","cof3_2014-07-21_Bird-fruit",3
"Ficus thonningii","Poeoptera kenricki","cof3",2014-07-21,"Bird-fruit","cof3_2014-07-21_Bird-fruit",2
"Trema orientalis","Poeoptera kenricki","cof3",2014-07-21,"Bird-fruit","cof3_2014-07-21_Bird-fruit",76
"Ficus thonningii","Pycnonotus barbatus","cof3",2014-07-21,"Bird-fruit","cof3_2014-07-21_Bird-fruit",15
"Trema orientalis","Pycnonotus barbatus","cof3",2014-07-21,"Bird-fruit","cof3_2014-07-21_Bird-fruit",14
"Ficus thonningii","Serinus mozambicus","cof3",2014-07-21,"Bird-fruit","cof3_2014-07-21_Bird-fruit",1
"Trema orientalis","Serinus mozambicus","cof3",2014-07-21,"Bird-fruit","cof3_2014-07-21_Bird-fruit",12
"Erianthemum dregei","Stactolaema leucotis","cof3",2014-07-21,"Bird-fruit","cof3_2014-07-21_Bird-fruit",1
"Ficus thonningii","Stactolaema leucotis","cof3",2014-07-21,"Bird-fruit","cof3_2014-07-21_Bird-fruit",25
"Erianthemum dregei","Anaplectes rubriceps","cof6",2014-12-15,"Bird-fruit","cof6_2014-12-15_Bird-fruit",1
"Plicosepalus curviflorus","Anaplectes rubriceps","cof6",2014-12-15,"Bird-fruit","cof6_2014-12-15_Bird-fruit",1
"Maesopsis eminii","Bycanistes brevis","cof6",2014-12-15,"Bird-fruit","cof6_2014-12-15_Bird-fruit",3
"Erianthemum dregei","Cinnyricinclus leucogaster","cof6",2014-12-15,"Bird-fruit","cof6_2014-12-15_Bird-fruit",8
"Plicosepalus curviflorus","Cinnyricinclus leucogaster","cof6",2014-12-15,"Bird-fruit","cof6_2014-12-15_Bird-fruit",2
"Erianthemum dregei","Colius striatus","cof6",2014-12-15,"Bird-fruit","cof6_2014-12-15_Bird-fruit",22
"Plicosepalus curviflorus","Colius striatus","cof6",2014-12-15,"Bird-fruit","cof6_2014-12-15_Bird-fruit",35
"Erianthemum dregei","Ploceus baglafecht","cof6",2014-12-15,"Bird-fruit","cof6_2014-12-15_Bird-fruit",2
"Plicosepalus curviflorus","Ploceus baglafecht","cof6",2014-12-15,"Bird-fruit","cof6_2014-12-15_Bird-fruit",2
"Erianthemum dregei","Poeoptera kenricki","cof6",2014-12-15,"Bird-fruit","cof6_2014-12-15_Bird-fruit",1
"Erianthemum dregei","Pogoniulus leucomystax","cof6",2014-12-15,"Bird-fruit","cof6_2014-12-15_Bird-fruit",2
"Erianthemum dregei","Pycnonotus barbatus","cof6",2014-12-15,"Bird-fruit","cof6_2014-12-15_Bird-fruit",7
"Erianthemum dregei","Tauraco hartlaubi","cof6",2014-12-15,"Bird-fruit","cof6_2014-12-15_Bird-fruit",3
"Maesopsis eminii","Tauraco hartlaubi","cof6",2014-12-15,"Bird-fruit","cof6_2014-12-15_Bird-fruit",12
"Maesopsis eminii","Tockus alboterminatus","cof6",2014-12-15,"Bird-fruit","cof6_2014-12-15_Bird-fruit",1
"Macaranga kilimandscharica","Andropadus milanjensis","flm1",2015-02-16,"Bird-fruit","flm1_2015-02-16_Bird-fruit",7
"Schefflera myriantha","Andropadus milanjensis","flm1",2015-02-16,"Bird-fruit","flm1_2015-02-16_Bird-fruit",5
"Smilax anceps","Andropadus milanjensis","flm1",2015-02-16,"Bird-fruit","flm1_2015-02-16_Bird-fruit",2
"Trema orientalis","Andropadus milanjensis","flm1",2015-02-16,"Bird-fruit","flm1_2015-02-16_Bird-fruit",1
"Keetia guenzii","Andropadus nigriceps","flm1",2015-02-16,"Bird-fruit","flm1_2015-02-16_Bird-fruit",1
"Macaranga kilimandscharica","Andropadus nigriceps","flm1",2015-02-16,"Bird-fruit","flm1_2015-02-16_Bird-fruit",5
"Maytenus acuminata","Andropadus nigriceps","flm1",2015-02-16,"Bird-fruit","flm1_2015-02-16_Bird-fruit",1
"Psychotria fractinervata","Andropadus nigriceps","flm1",2015-02-16,"Bird-fruit","flm1_2015-02-16_Bird-fruit",6
"Rubus steudneri","Andropadus nigriceps","flm1",2015-02-16,"Bird-fruit","flm1_2015-02-16_Bird-fruit",2
"Rytigynia hirsutiflora","Andropadus nigriceps","flm1",2015-02-16,"Bird-fruit","flm1_2015-02-16_Bird-fruit",5
"Schefflera myriantha","Andropadus nigriceps","flm1",2015-02-16,"Bird-fruit","flm1_2015-02-16_Bird-fruit",7
"Smilax anceps","Andropadus nigriceps","flm1",2015-02-16,"Bird-fruit","flm1_2015-02-16_Bird-fruit",5
"Trema orientalis","Andropadus nigriceps","flm1",2015-02-16,"Bird-fruit","flm1_2015-02-16_Bird-fruit",3
"Macaranga kilimandscharica","Cinnyricinclus sharpii","flm1",2015-02-16,"Bird-fruit","flm1_2015-02-16_Bird-fruit",3
"Schefflera myriantha","Cinnyricinclus sharpii","flm1",2015-02-16,"Bird-fruit","flm1_2015-02-16_Bird-fruit",11
"Macaranga kilimandscharica","Columba arquatrix","flm1",2015-02-16,"Bird-fruit","flm1_2015-02-16_Bird-fruit",6
"Schefflera myriantha","Columba arquatrix","flm1",2015-02-16,"Bird-fruit","flm1_2015-02-16_Bird-fruit",2
"Trema orientalis","Columba arquatrix","flm1",2015-02-16,"Bird-fruit","flm1_2015-02-16_Bird-fruit",1
"Macaranga kilimandscharica","Nigrita canicapillus","flm1",2015-02-16,"Bird-fruit","flm1_2015-02-16_Bird-fruit",1
"Macaranga kilimandscharica","Onychognathus walleri","flm1",2015-02-16,"Bird-fruit","flm1_2015-02-16_Bird-fruit",2
"Schefflera myriantha","Onychognathus walleri","flm1",2015-02-16,"Bird-fruit","flm1_2015-02-16_Bird-fruit",8
"Macaranga capensis","Phyllastrephus cabanisi","flm1",2015-02-16,"Bird-fruit","flm1_2015-02-16_Bird-fruit",1
"Psychotria fractinervata","Phyllastrephus cabanisi","flm1",2015-02-16,"Bird-fruit","flm1_2015-02-16_Bird-fruit",1
"Schefflera myriantha","Phyllastrephus cabanisi","flm1",2015-02-16,"Bird-fruit","flm1_2015-02-16_Bird-fruit",1
"Keetia guenzii","Phyllastrephus strepitans","flm1",2015-02-16,"Bird-fruit","flm1_2015-02-16_Bird-fruit",5
"Schefflera myriantha","Phyllastrephus strepitans","flm1",2015-02-16,"Bird-fruit","flm1_2015-02-16_Bird-fruit",1
"Schefflera myriantha","Phylloscopus umbrovirens","flm1",2015-02-16,"Bird-fruit","flm1_2015-02-16_Bird-fruit",1
"Schefflera myriantha","Poeoptera kenricki","flm1",2015-02-16,"Bird-fruit","flm1_2015-02-16_Bird-fruit",14
"Trema orientalis","Poeoptera kenricki","flm1",2015-02-16,"Bird-fruit","flm1_2015-02-16_Bird-fruit",3
"Psychotria fractinervata","Pogonocichla stellata","flm1",2015-02-16,"Bird-fruit","flm1_2015-02-16_Bird-fruit",4
"Keetia guenzii","Sylvia atricapilla","flm1",2015-02-16,"Bird-fruit","flm1_2015-02-16_Bird-fruit",1
"Psychotria fractinervata","Sylvia atricapilla","flm1",2015-02-16,"Bird-fruit","flm1_2015-02-16_Bird-fruit",2
"Schefflera myriantha","Sylvia atricapilla","flm1",2015-02-16,"Bird-fruit","flm1_2015-02-16_Bird-fruit",5
"Macaranga kilimandscharica","Tauraco hartlaubi","flm1",2015-02-16,"Bird-fruit","flm1_2015-02-16_Bird-fruit",1
"Schefflera myriantha","Tauraco hartlaubi","flm1",2015-02-16,"Bird-fruit","flm1_2015-02-16_Bird-fruit",4
"Begonia meyeri-johannis","Turdus olivaceus","flm1",2015-02-16,"Bird-fruit","flm1_2015-02-16_Bird-fruit",1
"Macaranga kilimandscharica","Turdus olivaceus","flm1",2015-02-16,"Bird-fruit","flm1_2015-02-16_Bird-fruit",2
"Psychotria fractinervata","Turdus olivaceus","flm1",2015-02-16,"Bird-fruit","flm1_2015-02-16_Bird-fruit",2
"Schefflera myriantha","Turdus olivaceus","flm1",2015-02-16,"Bird-fruit","flm1_2015-02-16_Bird-fruit",3
"Trema orientalis","Zosterops poliogastrus","flm1",2015-02-16,"Bird-fruit","flm1_2015-02-16_Bird-fruit",9
"Galiniera saxifraga","Andropadus milanjensis","flm2",2014-08-25,"Bird-fruit","flm2_2014-08-25_Bird-fruit",2
"Macaranga capensis","Andropadus milanjensis","flm2",2014-08-25,"Bird-fruit","flm2_2014-08-25_Bird-fruit",1
"Pauridiantha paucinervis","Andropadus milanjensis","flm2",2014-08-25,"Bird-fruit","flm2_2014-08-25_Bird-fruit",7
"Cissus oliveri","Andropadus nigriceps","flm2",2014-08-25,"Bird-fruit","flm2_2014-08-25_Bird-fruit",3
"Galiniera saxifraga","Andropadus nigriceps","flm2",2014-08-25,"Bird-fruit","flm2_2014-08-25_Bird-fruit",7
"Keetia guenzii","Andropadus nigriceps","flm2",2014-08-25,"Bird-fruit","flm2_2014-08-25_Bird-fruit",1
"Lasianthus kilimandscharicus","Andropadus nigriceps","flm2",2014-08-25,"Bird-fruit","flm2_2014-08-25_Bird-fruit",2
"Macaranga capensis","Andropadus nigriceps","flm2",2014-08-25,"Bird-fruit","flm2_2014-08-25_Bird-fruit",4
"Macaranga kilimandscharica","Andropadus nigriceps","flm2",2014-08-25,"Bird-fruit","flm2_2014-08-25_Bird-fruit",4
"Pauridiantha paucinervis","Andropadus nigriceps","flm2",2014-08-25,"Bird-fruit","flm2_2014-08-25_Bird-fruit",38
"Psychotria cyathicalyx","Andropadus nigriceps","flm2",2014-08-25,"Bird-fruit","flm2_2014-08-25_Bird-fruit",2
"Psychotria fractinervata","Andropadus nigriceps","flm2",2014-08-25,"Bird-fruit","flm2_2014-08-25_Bird-fruit",1
"Smilax anceps","Andropadus nigriceps","flm2",2014-08-25,"Bird-fruit","flm2_2014-08-25_Bird-fruit",2
"Pauridiantha paucinervis","Aplopelia larvata","flm2",2014-08-25,"Bird-fruit","flm2_2014-08-25_Bird-fruit",1
"Macaranga kilimandscharica","Cinnyricinclus sharpii","flm2",2014-08-25,"Bird-fruit","flm2_2014-08-25_Bird-fruit",1
"Macaranga capensis","Columba arquatrix","flm2",2014-08-25,"Bird-fruit","flm2_2014-08-25_Bird-fruit",1
"Macaranga kilimandscharica","Columba arquatrix","flm2",2014-08-25,"Bird-fruit","flm2_2014-08-25_Bird-fruit",2
"Galiniera saxifraga","Nigrita canicapillus","flm2",2014-08-25,"Bird-fruit","flm2_2014-08-25_Bird-fruit",1
"Lasianthus kilimandscharicus","Nigrita canicapillus","flm2",2014-08-25,"Bird-fruit","flm2_2014-08-25_Bird-fruit",3
"Pauridiantha paucinervis","Nigrita canicapillus","flm2",2014-08-25,"Bird-fruit","flm2_2014-08-25_Bird-fruit",3
"Macaranga kilimandscharica","Onychognathus walleri","flm2",2014-08-25,"Bird-fruit","flm2_2014-08-25_Bird-fruit",2
"Galiniera saxifraga","Phyllastrephus cabanisi","flm2",2014-08-25,"Bird-fruit","flm2_2014-08-25_Bird-fruit",1
"Keetia guenzii","Phyllastrephus cabanisi","flm2",2014-08-25,"Bird-fruit","flm2_2014-08-25_Bird-fruit",1
"Lasianthus kilimandscharicus","Phyllastrephus cabanisi","flm2",2014-08-25,"Bird-fruit","flm2_2014-08-25_Bird-fruit",2
"Macaranga capensis","Phyllastrephus cabanisi","flm2",2014-08-25,"Bird-fruit","flm2_2014-08-25_Bird-fruit",3
"Macaranga kilimandscharica","Phyllastrephus cabanisi","flm2",2014-08-25,"Bird-fruit","flm2_2014-08-25_Bird-fruit",2
"Pauridiantha paucinervis","Phyllastrephus cabanisi","flm2",2014-08-25,"Bird-fruit","flm2_2014-08-25_Bird-fruit",10
"Lasianthus kilimandscharicus","Phyllastrephus strepitans","flm2",2014-08-25,"Bird-fruit","flm2_2014-08-25_Bird-fruit",2
"Pauridiantha paucinervis","Phyllastrephus strepitans","flm2",2014-08-25,"Bird-fruit","flm2_2014-08-25_Bird-fruit",6
"Macaranga kilimandscharica","Poeoptera kenricki","flm2",2014-08-25,"Bird-fruit","flm2_2014-08-25_Bird-fruit",4
"Pauridiantha paucinervis","Pogonocichla stellata","flm2",2014-08-25,"Bird-fruit","flm2_2014-08-25_Bird-fruit",1
"Macaranga capensis","Tauraco hartlaubi","flm2",2014-08-25,"Bird-fruit","flm2_2014-08-25_Bird-fruit",16
"Macaranga kilimandscharica","Tauraco hartlaubi","flm2",2014-08-25,"Bird-fruit","flm2_2014-08-25_Bird-fruit",2
"Pauridiantha paucinervis","Tauraco hartlaubi","flm2",2014-08-25,"Bird-fruit","flm2_2014-08-25_Bird-fruit",1
"Psychotria cyathicalyx","Turdus olivaceus","flm2",2014-08-25,"Bird-fruit","flm2_2014-08-25_Bird-fruit",1
"Rubus steudneri","Turdus olivaceus","flm2",2014-08-25,"Bird-fruit","flm2_2014-08-25_Bird-fruit",1
"Macaranga kilimandscharica","Zosterops poliogastrus","flm2",2014-08-25,"Bird-fruit","flm2_2014-08-25_Bird-fruit",9
"Pauridiantha paucinervis","Zosterops poliogastrus","flm2",2014-08-25,"Bird-fruit","flm2_2014-08-25_Bird-fruit",66
"Ficus sur","Andropadus milanjensis","flm3",2015-03-02,"Bird-fruit","flm3_2015-03-02_Bird-fruit",2
"Maesa lanceolata","Andropadus milanjensis","flm3",2015-03-02,"Bird-fruit","flm3_2015-03-02_Bird-fruit",9
"Trema orientalis","Andropadus milanjensis","flm3",2015-03-02,"Bird-fruit","flm3_2015-03-02_Bird-fruit",2
"Maesa lanceolata","Cinnyricinclus sharpii","flm3",2015-03-02,"Bird-fruit","flm3_2015-03-02_Bird-fruit",4
"Ficus sur","Linurgus olivaceus","flm3",2015-03-02,"Bird-fruit","flm3_2015-03-02_Bird-fruit",5
"Maesa lanceolata","Nigrita canicapillus","flm3",2015-03-02,"Bird-fruit","flm3_2015-03-02_Bird-fruit",6
"Trema orientalis","Nigrita canicapillus","flm3",2015-03-02,"Bird-fruit","flm3_2015-03-02_Bird-fruit",1
"Ficus sur","Poeoptera kenricki","flm3",2015-03-02,"Bird-fruit","flm3_2015-03-02_Bird-fruit",4
"Ficus sur","Pycnonotus barbatus","flm3",2015-03-02,"Bird-fruit","flm3_2015-03-02_Bird-fruit",8
"Maesa lanceolata","Pycnonotus barbatus","flm3",2015-03-02,"Bird-fruit","flm3_2015-03-02_Bird-fruit",4
"Zehneria scabra","Pycnonotus barbatus","flm3",2015-03-02,"Bird-fruit","flm3_2015-03-02_Bird-fruit",2
"Ficus sur","Serinus citrinelloides","flm3",2015-03-02,"Bird-fruit","flm3_2015-03-02_Bird-fruit",28
"Maesa lanceolata","Serinus citrinelloides","flm3",2015-03-02,"Bird-fruit","flm3_2015-03-02_Bird-fruit",2
"Ficus sur","Stactolaema leucotis","flm3",2015-03-02,"Bird-fruit","flm3_2015-03-02_Bird-fruit",12
"Maesa lanceolata","Stactolaema leucotis","flm3",2015-03-02,"Bird-fruit","flm3_2015-03-02_Bird-fruit",6
"Ficus sur","Sylvia atricapilla","flm3",2015-03-02,"Bird-fruit","flm3_2015-03-02_Bird-fruit",4
"Maesa lanceolata","Sylvia atricapilla","flm3",2015-03-02,"Bird-fruit","flm3_2015-03-02_Bird-fruit",96
"Trema orientalis","Sylvia atricapilla","flm3",2015-03-02,"Bird-fruit","flm3_2015-03-02_Bird-fruit",14
"Zehneria scabra","Sylvia atricapilla","flm3",2015-03-02,"Bird-fruit","flm3_2015-03-02_Bird-fruit",2
"Ficus sur","Tauraco hartlaubi","flm3",2015-03-02,"Bird-fruit","flm3_2015-03-02_Bird-fruit",1
"Maesa lanceolata","Turdus olivaceus","flm3",2015-03-02,"Bird-fruit","flm3_2015-03-02_Bird-fruit",5
"Ficus sur","Zosterops poliogastrus","flm3",2015-03-02,"Bird-fruit","flm3_2015-03-02_Bird-fruit",4
"Maesa lanceolata","Zosterops poliogastrus","flm3",2015-03-02,"Bird-fruit","flm3_2015-03-02_Bird-fruit",112
"Ocotea usambarensis","Zosterops poliogastrus","flm3",2015-03-02,"Bird-fruit","flm3_2015-03-02_Bird-fruit",7
"Trema orientalis","Zosterops poliogastrus","flm3",2015-03-02,"Bird-fruit","flm3_2015-03-02_Bird-fruit",15
"Heinsenia diervilleoides","Andropadus milanjensis","flm4",2015-03-02,"Bird-fruit","flm4_2015-03-02_Bird-fruit",1
"Dracaena afromontana","Andropadus nigriceps","flm4",2015-03-02,"Bird-fruit","flm4_2015-03-02_Bird-fruit",1
"Heinsenia diervilleoides","Andropadus nigriceps","flm4",2015-03-02,"Bird-fruit","flm4_2015-03-02_Bird-fruit",6
"Keetia guenzii","Andropadus nigriceps","flm4",2015-03-02,"Bird-fruit","flm4_2015-03-02_Bird-fruit",4
"Macaranga kilimandscharica","Andropadus nigriceps","flm4",2015-03-02,"Bird-fruit","flm4_2015-03-02_Bird-fruit",2
"Pauridiantha paucinervis","Andropadus nigriceps","flm4",2015-03-02,"Bird-fruit","flm4_2015-03-02_Bird-fruit",2
"Psychotria fractinervata","Andropadus nigriceps","flm4",2015-03-02,"Bird-fruit","flm4_2015-03-02_Bird-fruit",3
"Tiliacora funifera","Andropadus nigriceps","flm4",2015-03-02,"Bird-fruit","flm4_2015-03-02_Bird-fruit",1
"Trema orientalis","Andropadus nigriceps","flm4",2015-03-02,"Bird-fruit","flm4_2015-03-02_Bird-fruit",3
"Ficus sur","Bycanistes brevis","flm4",2015-03-02,"Bird-fruit","flm4_2015-03-02_Bird-fruit",2
"Macaranga kilimandscharica","Cinnyricinclus sharpii","flm4",2015-03-02,"Bird-fruit","flm4_2015-03-02_Bird-fruit",6
"Trema orientalis","Cinnyricinclus sharpii","flm4",2015-03-02,"Bird-fruit","flm4_2015-03-02_Bird-fruit",4
"Macaranga capensis","Linurgus olivaceus","flm4",2015-03-02,"Bird-fruit","flm4_2015-03-02_Bird-fruit",1
"Maesa lanceolata","Linurgus olivaceus","flm4",2015-03-02,"Bird-fruit","flm4_2015-03-02_Bird-fruit",2
"Tiliacora funifera","Linurgus olivaceus","flm4",2015-03-02,"Bird-fruit","flm4_2015-03-02_Bird-fruit",2
"Trema orientalis","Linurgus olivaceus","flm4",2015-03-02,"Bird-fruit","flm4_2015-03-02_Bird-fruit",2
"Maesa lanceolata","Nigrita canicapillus","flm4",2015-03-02,"Bird-fruit","flm4_2015-03-02_Bird-fruit",2
"Tiliacora funifera","Nigrita canicapillus","flm4",2015-03-02,"Bird-fruit","flm4_2015-03-02_Bird-fruit",6
"Ficus sur","Onychognathus walleri","flm4",2015-03-02,"Bird-fruit","flm4_2015-03-02_Bird-fruit",3
"Macaranga kilimandscharica","Onychognathus walleri","flm4",2015-03-02,"Bird-fruit","flm4_2015-03-02_Bird-fruit",3
"Trema orientalis","Onychognathus walleri","flm4",2015-03-02,"Bird-fruit","flm4_2015-03-02_Bird-fruit",9
"Heinsenia diervilleoides","Phyllastrephus cabanisi","flm4",2015-03-02,"Bird-fruit","flm4_2015-03-02_Bird-fruit",2
"Keetia guenzii","Phyllastrephus cabanisi","flm4",2015-03-02,"Bird-fruit","flm4_2015-03-02_Bird-fruit",1
"Macaranga capensis","Phyllastrephus cabanisi","flm4",2015-03-02,"Bird-fruit","flm4_2015-03-02_Bird-fruit",3
"Macaranga kilimandscharica","Phyllastrephus cabanisi","flm4",2015-03-02,"Bird-fruit","flm4_2015-03-02_Bird-fruit",5
"Psychotria fractinervata","Phyllastrephus cabanisi","flm4",2015-03-02,"Bird-fruit","flm4_2015-03-02_Bird-fruit",2
"Trema orientalis","Phyllastrephus cabanisi","flm4",2015-03-02,"Bird-fruit","flm4_2015-03-02_Bird-fruit",3
"Macaranga kilimandscharica","Poeoptera kenricki","flm4",2015-03-02,"Bird-fruit","flm4_2015-03-02_Bird-fruit",7
"Maesa lanceolata","Poeoptera kenricki","flm4",2015-03-02,"Bird-fruit","flm4_2015-03-02_Bird-fruit",6
"Maesa lanceolata","Pogoniulus leucomystax","flm4",2015-03-02,"Bird-fruit","flm4_2015-03-02_Bird-fruit",2
"Tiliacora funifera","Pogoniulus leucomystax","flm4",2015-03-02,"Bird-fruit","flm4_2015-03-02_Bird-fruit",4
"Trema orientalis","Pycnonotus barbatus","flm4",2015-03-02,"Bird-fruit","flm4_2015-03-02_Bird-fruit",1
"Ficus sur","Sylvia atricapilla","flm4",2015-03-02,"Bird-fruit","flm4_2015-03-02_Bird-fruit",2
"Keetia guenzii","Sylvia atricapilla","flm4",2015-03-02,"Bird-fruit","flm4_2015-03-02_Bird-fruit",1
"Pauridiantha paucinervis","Sylvia atricapilla","flm4",2015-03-02,"Bird-fruit","flm4_2015-03-02_Bird-fruit",2
"Psychotria fractinervata","Sylvia atricapilla","flm4",2015-03-02,"Bird-fruit","flm4_2015-03-02_Bird-fruit",2
"Tiliacora funifera","Sylvia atricapilla","flm4",2015-03-02,"Bird-fruit","flm4_2015-03-02_Bird-fruit",10
"Ficus sur","Tauraco hartlaubi","flm4",2015-03-02,"Bird-fruit","flm4_2015-03-02_Bird-fruit",5
"Maesa lanceolata","Turdus olivaceus","flm4",2015-03-02,"Bird-fruit","flm4_2015-03-02_Bird-fruit",1
"Pauridiantha paucinervis","Turdus olivaceus","flm4",2015-03-02,"Bird-fruit","flm4_2015-03-02_Bird-fruit",2
"Psychotria fractinervata","Turdus olivaceus","flm4",2015-03-02,"Bird-fruit","flm4_2015-03-02_Bird-fruit",1
"Maesa lanceolata","Zosterops poliogastrus","flm4",2015-03-02,"Bird-fruit","flm4_2015-03-02_Bird-fruit",1
"Tiliacora funifera","Zosterops poliogastrus","flm4",2015-03-02,"Bird-fruit","flm4_2015-03-02_Bird-fruit",6
"Psychotria cyathicalyx","Andropadus milanjensis","flm6",2014-08-11,"Bird-fruit","flm6_2014-08-11_Bird-fruit",1
"Schefflera myriantha","Andropadus milanjensis","flm6",2014-08-11,"Bird-fruit","flm6_2014-08-11_Bird-fruit",1
"Allophylus ferrugineus","Andropadus nigriceps","flm6",2014-08-11,"Bird-fruit","flm6_2014-08-11_Bird-fruit",3
"Macaranga kilimandscharica","Andropadus nigriceps","flm6",2014-08-11,"Bird-fruit","flm6_2014-08-11_Bird-fruit",7
"Maytenus acuminata","Andropadus nigriceps","flm6",2014-08-11,"Bird-fruit","flm6_2014-08-11_Bird-fruit",2
"Ocotea usambarensis","Andropadus nigriceps","flm6",2014-08-11,"Bird-fruit","flm6_2014-08-11_Bird-fruit",1
"Psychotria cyathicalyx","Andropadus nigriceps","flm6",2014-08-11,"Bird-fruit","flm6_2014-08-11_Bird-fruit",5
"Psychotria fractinervata","Andropadus nigriceps","flm6",2014-08-11,"Bird-fruit","flm6_2014-08-11_Bird-fruit",4
"Schefflera myriantha","Andropadus nigriceps","flm6",2014-08-11,"Bird-fruit","flm6_2014-08-11_Bird-fruit",1
"Schefflera volkensii","Andropadus nigriceps","flm6",2014-08-11,"Bird-fruit","flm6_2014-08-11_Bird-fruit",14
"Schefflera volkensii","Apaloderma vittatum","flm6",2014-08-11,"Bird-fruit","flm6_2014-08-11_Bird-fruit",2
"Psychotria cyathicalyx","Bradypterus cinnamomeus","flm6",2014-08-11,"Bird-fruit","flm6_2014-08-11_Bird-fruit",1
"Schefflera myriantha","Bradypterus lopezi","flm6",2014-08-11,"Bird-fruit","flm6_2014-08-11_Bird-fruit",1
"Macaranga kilimandscharica","Cinnyricinclus femoralis","flm6",2014-08-11,"Bird-fruit","flm6_2014-08-11_Bird-fruit",3
"Schefflera myriantha","Cinnyricinclus femoralis","flm6",2014-08-11,"Bird-fruit","flm6_2014-08-11_Bird-fruit",2
"Schefflera volkensii","Cinnyricinclus femoralis","flm6",2014-08-11,"Bird-fruit","flm6_2014-08-11_Bird-fruit",6
"Schefflera volkensii","Cinnyricinclus sharpii","flm6",2014-08-11,"Bird-fruit","flm6_2014-08-11_Bird-fruit",13
"Macaranga kilimandscharica","Columba arquatrix","flm6",2014-08-11,"Bird-fruit","flm6_2014-08-11_Bird-fruit",1
"Ocotea usambarensis","Columba arquatrix","flm6",2014-08-11,"Bird-fruit","flm6_2014-08-11_Bird-fruit",2
"Schefflera volkensii","Columba arquatrix","flm6",2014-08-11,"Bird-fruit","flm6_2014-08-11_Bird-fruit",2
"Ocotea usambarensis","Columba delegorguei","flm6",2014-08-11,"Bird-fruit","flm6_2014-08-11_Bird-fruit",4
"Schefflera myriantha","Linurgus olivaceus","flm6",2014-08-11,"Bird-fruit","flm6_2014-08-11_Bird-fruit",3
"Schefflera volkensii","Linurgus olivaceus","flm6",2014-08-11,"Bird-fruit","flm6_2014-08-11_Bird-fruit",4
"Schefflera volkensii","Onychognathus walleri","flm6",2014-08-11,"Bird-fruit","flm6_2014-08-11_Bird-fruit",18
"Macaranga kilimandscharica","Phyllastrephus cabanisi","flm6",2014-08-11,"Bird-fruit","flm6_2014-08-11_Bird-fruit",7
"Ocotea usambarensis","Phyllastrephus cabanisi","flm6",2014-08-11,"Bird-fruit","flm6_2014-08-11_Bird-fruit",5
"Psychotria cyathicalyx","Phyllastrephus cabanisi","flm6",2014-08-11,"Bird-fruit","flm6_2014-08-11_Bird-fruit",2
"Schefflera myriantha","Phyllastrephus cabanisi","flm6",2014-08-11,"Bird-fruit","flm6_2014-08-11_Bird-fruit",2
"Schefflera volkensii","Phyllastrephus cabanisi","flm6",2014-08-11,"Bird-fruit","flm6_2014-08-11_Bird-fruit",10
"Allophylus ferrugineus","Phyllastrephus strepitans","flm6",2014-08-11,"Bird-fruit","flm6_2014-08-11_Bird-fruit",1
"Macaranga kilimandscharica","Phyllastrephus strepitans","flm6",2014-08-11,"Bird-fruit","flm6_2014-08-11_Bird-fruit",9
"Ocotea usambarensis","Phyllastrephus strepitans","flm6",2014-08-11,"Bird-fruit","flm6_2014-08-11_Bird-fruit",3
"Schefflera myriantha","Phyllastrephus strepitans","flm6",2014-08-11,"Bird-fruit","flm6_2014-08-11_Bird-fruit",1
"Schefflera volkensii","Phyllastrephus strepitans","flm6",2014-08-11,"Bird-fruit","flm6_2014-08-11_Bird-fruit",8
"Schefflera volkensii","Phylloscopus umbrovirens","flm6",2014-08-11,"Bird-fruit","flm6_2014-08-11_Bird-fruit",1
"Schefflera myriantha","Ploceus ocularis","flm6",2014-08-11,"Bird-fruit","flm6_2014-08-11_Bird-fruit",1
"Macaranga kilimandscharica","Poeoptera kenricki","flm6",2014-08-11,"Bird-fruit","flm6_2014-08-11_Bird-fruit",3
"Schefflera myriantha","Poeoptera kenricki","flm6",2014-08-11,"Bird-fruit","flm6_2014-08-11_Bird-fruit",9
"Schefflera volkensii","Poeoptera kenricki","flm6",2014-08-11,"Bird-fruit","flm6_2014-08-11_Bird-fruit",9
"Schefflera myriantha","Pogoniulus leucomystax","flm6",2014-08-11,"Bird-fruit","flm6_2014-08-11_Bird-fruit",1
"Schefflera volkensii","Pseudoalcippe abyssinica","flm6",2014-08-11,"Bird-fruit","flm6_2014-08-11_Bird-fruit",1
"Macaranga kilimandscharica","Tauraco hartlaubi","flm6",2014-08-11,"Bird-fruit","flm6_2014-08-11_Bird-fruit",50
"Ocotea usambarensis","Tauraco hartlaubi","flm6",2014-08-11,"Bird-fruit","flm6_2014-08-11_Bird-fruit",1
"Schefflera myriantha","Tauraco hartlaubi","flm6",2014-08-11,"Bird-fruit","flm6_2014-08-11_Bird-fruit",5
"Schefflera volkensii","Tauraco hartlaubi","flm6",2014-08-11,"Bird-fruit","flm6_2014-08-11_Bird-fruit",48
"Macaranga kilimandscharica","Turdus olivaceus","flm6",2014-08-11,"Bird-fruit","flm6_2014-08-11_Bird-fruit",1
"Psychotria cyathicalyx","Turdus olivaceus","flm6",2014-08-11,"Bird-fruit","flm6_2014-08-11_Bird-fruit",2
"Psychotria fractinervata","Turdus olivaceus","flm6",2014-08-11,"Bird-fruit","flm6_2014-08-11_Bird-fruit",1
"Schefflera myriantha","Turdus olivaceus","flm6",2014-08-11,"Bird-fruit","flm6_2014-08-11_Bird-fruit",4
"Schefflera volkensii","Turdus olivaceus","flm6",2014-08-11,"Bird-fruit","flm6_2014-08-11_Bird-fruit",1
"Begonia meyeri-johannis","Zosterops poliogastrus","flm6",2014-08-11,"Bird-fruit","flm6_2014-08-11_Bird-fruit",2
"Macaranga kilimandscharica","Zosterops poliogastrus","flm6",2014-08-11,"Bird-fruit","flm6_2014-08-11_Bird-fruit",1
"Psychotria fractinervata","Zosterops poliogastrus","flm6",2014-08-11,"Bird-fruit","flm6_2014-08-11_Bird-fruit",1
"Rubus steudneri","Zosterops poliogastrus","flm6",2014-08-11,"Bird-fruit","flm6_2014-08-11_Bird-fruit",1
"Schefflera volkensii","Zosterops poliogastrus","flm6",2014-08-11,"Bird-fruit","flm6_2014-08-11_Bird-fruit",33
"Galiniera saxifraga","Andropadus milanjensis","foc1",2015-03-16,"Bird-fruit","foc1_2015-03-16_Bird-fruit",2
"Lasianthus kilimandscharicus","Andropadus milanjensis","foc1",2015-03-16,"Bird-fruit","foc1_2015-03-16_Bird-fruit",4
"Macaranga capensis","Andropadus milanjensis","foc1",2015-03-16,"Bird-fruit","foc1_2015-03-16_Bird-fruit",2
"Macaranga kilimandscharica","Andropadus milanjensis","foc1",2015-03-16,"Bird-fruit","foc1_2015-03-16_Bird-fruit",6
"Pauridiantha paucinervis","Andropadus milanjensis","foc1",2015-03-16,"Bird-fruit","foc1_2015-03-16_Bird-fruit",2
"Discopodium eremanthum","Andropadus nigriceps","foc1",2015-03-16,"Bird-fruit","foc1_2015-03-16_Bird-fruit",1
"Galiniera saxifraga","Andropadus nigriceps","foc1",2015-03-16,"Bird-fruit","foc1_2015-03-16_Bird-fruit",4
"Lasianthus kilimandscharicus","Andropadus nigriceps","foc1",2015-03-16,"Bird-fruit","foc1_2015-03-16_Bird-fruit",147
"Macaranga capensis","Andropadus nigriceps","foc1",2015-03-16,"Bird-fruit","foc1_2015-03-16_Bird-fruit",1
"Macaranga kilimandscharica","Andropadus nigriceps","foc1",2015-03-16,"Bird-fruit","foc1_2015-03-16_Bird-fruit",1
"Ocotea usambarensis","Andropadus nigriceps","foc1",2015-03-16,"Bird-fruit","foc1_2015-03-16_Bird-fruit",1
"Pauridiantha paucinervis","Andropadus nigriceps","foc1",2015-03-16,"Bird-fruit","foc1_2015-03-16_Bird-fruit",20
"Psychotria cyathicalyx","Andropadus nigriceps","foc1",2015-03-16,"Bird-fruit","foc1_2015-03-16_Bird-fruit",5
"Psychotria fractinervata","Andropadus nigriceps","foc1",2015-03-16,"Bird-fruit","foc1_2015-03-16_Bird-fruit",4
"Psychotria petiginosa","Andropadus nigriceps","foc1",2015-03-16,"Bird-fruit","foc1_2015-03-16_Bird-fruit",1
"Rubus steudneri","Andropadus nigriceps","foc1",2015-03-16,"Bird-fruit","foc1_2015-03-16_Bird-fruit",1
"Schefflera myriantha","Andropadus nigriceps","foc1",2015-03-16,"Bird-fruit","foc1_2015-03-16_Bird-fruit",10
"Schefflera volkensii","Andropadus nigriceps","foc1",2015-03-16,"Bird-fruit","foc1_2015-03-16_Bird-fruit",3
"Tiliacora funifera","Andropadus nigriceps","foc1",2015-03-16,"Bird-fruit","foc1_2015-03-16_Bird-fruit",1
"Schefflera volkensii","Cinnyricinclus femoralis","foc1",2015-03-16,"Bird-fruit","foc1_2015-03-16_Bird-fruit",6
"Macaranga kilimandscharica","Columba arquatrix","foc1",2015-03-16,"Bird-fruit","foc1_2015-03-16_Bird-fruit",1
"Schefflera myriantha","Columba arquatrix","foc1",2015-03-16,"Bird-fruit","foc1_2015-03-16_Bird-fruit",1
"Schefflera myriantha","Linurgus olivaceus","foc1",2015-03-16,"Bird-fruit","foc1_2015-03-16_Bird-fruit",2
"Schefflera volkensii","Linurgus olivaceus","foc1",2015-03-16,"Bird-fruit","foc1_2015-03-16_Bird-fruit",1
"Lasianthus kilimandscharicus","Nigrita canicapillus","foc1",2015-03-16,"Bird-fruit","foc1_2015-03-16_Bird-fruit",4
"Pauridiantha paucinervis","Nigrita canicapillus","foc1",2015-03-16,"Bird-fruit","foc1_2015-03-16_Bird-fruit",1
"Schefflera myriantha","Nigrita canicapillus","foc1",2015-03-16,"Bird-fruit","foc1_2015-03-16_Bird-fruit",2
"Schefflera volkensii","Nigrita canicapillus","foc1",2015-03-16,"Bird-fruit","foc1_2015-03-16_Bird-fruit",2
"Tiliacora funifera","Nigrita canicapillus","foc1",2015-03-16,"Bird-fruit","foc1_2015-03-16_Bird-fruit",5
"Schefflera volkensii","Onychognathus walleri","foc1",2015-03-16,"Bird-fruit","foc1_2015-03-16_Bird-fruit",7
"Galiniera saxifraga","Phyllastrephus cabanisi","foc1",2015-03-16,"Bird-fruit","foc1_2015-03-16_Bird-fruit",10
"Lasianthus kilimandscharicus","Phyllastrephus cabanisi","foc1",2015-03-16,"Bird-fruit","foc1_2015-03-16_Bird-fruit",83
"Macaranga capensis","Phyllastrephus cabanisi","foc1",2015-03-16,"Bird-fruit","foc1_2015-03-16_Bird-fruit",14
"Pauridiantha paucinervis","Phyllastrephus cabanisi","foc1",2015-03-16,"Bird-fruit","foc1_2015-03-16_Bird-fruit",30
"Psychotria fractinervata","Phyllastrephus cabanisi","foc1",2015-03-16,"Bird-fruit","foc1_2015-03-16_Bird-fruit",5
"Lasianthus kilimandscharicus","Pogonocichla stellata","foc1",2015-03-16,"Bird-fruit","foc1_2015-03-16_Bird-fruit",3
"Pauridiantha paucinervis","Pogonocichla stellata","foc1",2015-03-16,"Bird-fruit","foc1_2015-03-16_Bird-fruit",1
"Psychotria cyathicalyx","Pogonocichla stellata","foc1",2015-03-16,"Bird-fruit","foc1_2015-03-16_Bird-fruit",1
"Psychotria fractinervata","Pogonocichla stellata","foc1",2015-03-16,"Bird-fruit","foc1_2015-03-16_Bird-fruit",1
"Schefflera myriantha","Tauraco hartlaubi","foc1",2015-03-16,"Bird-fruit","foc1_2015-03-16_Bird-fruit",1
"Schefflera volkensii","Tauraco hartlaubi","foc1",2015-03-16,"Bird-fruit","foc1_2015-03-16_Bird-fruit",12
"Discopodium eremanthum","Turdus olivaceus","foc1",2015-03-16,"Bird-fruit","foc1_2015-03-16_Bird-fruit",1
"Galiniera saxifraga","Turdus olivaceus","foc1",2015-03-16,"Bird-fruit","foc1_2015-03-16_Bird-fruit",1
"Lasianthus kilimandscharicus","Turdus olivaceus","foc1",2015-03-16,"Bird-fruit","foc1_2015-03-16_Bird-fruit",28
"Pauridiantha paucinervis","Turdus olivaceus","foc1",2015-03-16,"Bird-fruit","foc1_2015-03-16_Bird-fruit",3
"Psychotria fractinervata","Turdus olivaceus","foc1",2015-03-16,"Bird-fruit","foc1_2015-03-16_Bird-fruit",1
"Psychotria petiginosa","Turdus olivaceus","foc1",2015-03-16,"Bird-fruit","foc1_2015-03-16_Bird-fruit",2
"Schefflera myriantha","Turdus olivaceus","foc1",2015-03-16,"Bird-fruit","foc1_2015-03-16_Bird-fruit",3
"Schefflera volkensii","Turdus olivaceus","foc1",2015-03-16,"Bird-fruit","foc1_2015-03-16_Bird-fruit",1
"Galiniera saxifraga","Zoothera piaggiae","foc1",2015-03-16,"Bird-fruit","foc1_2015-03-16_Bird-fruit",1
"Lasianthus kilimandscharicus","Zoothera piaggiae","foc1",2015-03-16,"Bird-fruit","foc1_2015-03-16_Bird-fruit",6
"Pauridiantha paucinervis","Zoothera piaggiae","foc1",2015-03-16,"Bird-fruit","foc1_2015-03-16_Bird-fruit",1
"Lasianthus kilimandscharicus","Zosterops poliogastrus","foc1",2015-03-16,"Bird-fruit","foc1_2015-03-16_Bird-fruit",56
"Pauridiantha paucinervis","Zosterops poliogastrus","foc1",2015-03-16,"Bird-fruit","foc1_2015-03-16_Bird-fruit",33
"Schefflera myriantha","Zosterops poliogastrus","foc1",2015-03-16,"Bird-fruit","foc1_2015-03-16_Bird-fruit",28
"Schefflera volkensii","Zosterops poliogastrus","foc1",2015-03-16,"Bird-fruit","foc1_2015-03-16_Bird-fruit",5
"Tiliacora funifera","Zosterops poliogastrus","foc1",2015-03-16,"Bird-fruit","foc1_2015-03-16_Bird-fruit",32
"Galiniera saxifraga","Andropadus nigriceps","foc2",2014-03-04,"Bird-fruit","foc2_2014-03-04_Bird-fruit",4
"Lasianthus kilimandscharicus","Andropadus nigriceps","foc2",2014-03-04,"Bird-fruit","foc2_2014-03-04_Bird-fruit",59
"Maytenus acuminata","Andropadus nigriceps","foc2",2014-03-04,"Bird-fruit","foc2_2014-03-04_Bird-fruit",1
"Ocotea usambarensis","Andropadus nigriceps","foc2",2014-03-04,"Bird-fruit","foc2_2014-03-04_Bird-fruit",4
"Psychotria cyathicalyx","Andropadus nigriceps","foc2",2014-03-04,"Bird-fruit","foc2_2014-03-04_Bird-fruit",5
"Psychotria fractinervata","Andropadus nigriceps","foc2",2014-03-04,"Bird-fruit","foc2_2014-03-04_Bird-fruit",3
"Psychotria petiginosa","Andropadus nigriceps","foc2",2014-03-04,"Bird-fruit","foc2_2014-03-04_Bird-fruit",2
"Rubus steudneri","Andropadus nigriceps","foc2",2014-03-04,"Bird-fruit","foc2_2014-03-04_Bird-fruit",2
"Schefflera myriantha","Andropadus nigriceps","foc2",2014-03-04,"Bird-fruit","foc2_2014-03-04_Bird-fruit",4
"Schefflera myriantha","Apaloderma vittatum","foc2",2014-03-04,"Bird-fruit","foc2_2014-03-04_Bird-fruit",3
"Lasianthus kilimandscharicus","Bradypterus lopezi","foc2",2014-03-04,"Bird-fruit","foc2_2014-03-04_Bird-fruit",1
"Psychotria cyathicalyx","Bradypterus lopezi","foc2",2014-03-04,"Bird-fruit","foc2_2014-03-04_Bird-fruit",1
"Schefflera myriantha","Columba arquatrix","foc2",2014-03-04,"Bird-fruit","foc2_2014-03-04_Bird-fruit",2
"Schefflera myriantha","Onychognathus walleri","foc2",2014-03-04,"Bird-fruit","foc2_2014-03-04_Bird-fruit",16
"Lasianthus kilimandscharicus","Phyllastrephus cabanisi","foc2",2014-03-04,"Bird-fruit","foc2_2014-03-04_Bird-fruit",20
"Psychotria cyathicalyx","Phyllastrephus cabanisi","foc2",2014-03-04,"Bird-fruit","foc2_2014-03-04_Bird-fruit",8
"Psychotria fractinervata","Phyllastrephus cabanisi","foc2",2014-03-04,"Bird-fruit","foc2_2014-03-04_Bird-fruit",7
"Lasianthus kilimandscharicus","Phylloscopus umbrovirens","foc2",2014-03-04,"Bird-fruit","foc2_2014-03-04_Bird-fruit",1
"Schefflera myriantha","Phylloscopus umbrovirens","foc2",2014-03-04,"Bird-fruit","foc2_2014-03-04_Bird-fruit",2
"Lasianthus kilimandscharicus","Tauraco hartlaubi","foc2",2014-03-04,"Bird-fruit","foc2_2014-03-04_Bird-fruit",6
"Schefflera myriantha","Tauraco hartlaubi","foc2",2014-03-04,"Bird-fruit","foc2_2014-03-04_Bird-fruit",25
"Galiniera saxifraga","Turdus olivaceus","foc2",2014-03-04,"Bird-fruit","foc2_2014-03-04_Bird-fruit",2
"Lasianthus kilimandscharicus","Turdus olivaceus","foc2",2014-03-04,"Bird-fruit","foc2_2014-03-04_Bird-fruit",20
"Psychotria cyathicalyx","Turdus olivaceus","foc2",2014-03-04,"Bird-fruit","foc2_2014-03-04_Bird-fruit",2
"Psychotria fractinervata","Turdus olivaceus","foc2",2014-03-04,"Bird-fruit","foc2_2014-03-04_Bird-fruit",2
"Psychotria petiginosa","Turdus olivaceus","foc2",2014-03-04,"Bird-fruit","foc2_2014-03-04_Bird-fruit",2
"Rubus steudneri","Turdus olivaceus","foc2",2014-03-04,"Bird-fruit","foc2_2014-03-04_Bird-fruit",2
"Schefflera myriantha","Turdus olivaceus","foc2",2014-03-04,"Bird-fruit","foc2_2014-03-04_Bird-fruit",5
"Galiniera saxifraga","Zosterops poliogastrus","foc2",2014-03-04,"Bird-fruit","foc2_2014-03-04_Bird-fruit",1
"Lasianthus kilimandscharicus","Zosterops poliogastrus","foc2",2014-03-04,"Bird-fruit","foc2_2014-03-04_Bird-fruit",73
"Psychotria cyathicalyx","Zosterops poliogastrus","foc2",2014-03-04,"Bird-fruit","foc2_2014-03-04_Bird-fruit",1
"Psychotria fractinervata","Zosterops poliogastrus","foc2",2014-03-04,"Bird-fruit","foc2_2014-03-04_Bird-fruit",2
"Schefflera myriantha","Zosterops poliogastrus","foc2",2014-03-04,"Bird-fruit","foc2_2014-03-04_Bird-fruit",1
"Psychotria fractinervata","Andropadus milanjensis","foc3",2015-03-09,"Bird-fruit","foc3_2015-03-09_Bird-fruit",1
"Galiniera saxifraga","Andropadus nigriceps","foc3",2015-03-09,"Bird-fruit","foc3_2015-03-09_Bird-fruit",4
"Lasianthus kilimandscharicus","Andropadus nigriceps","foc3",2015-03-09,"Bird-fruit","foc3_2015-03-09_Bird-fruit",6
"Maytenus acuminata","Andropadus nigriceps","foc3",2015-03-09,"Bird-fruit","foc3_2015-03-09_Bird-fruit",1
"Psychotria cyathicalyx","Andropadus nigriceps","foc3",2015-03-09,"Bird-fruit","foc3_2015-03-09_Bird-fruit",24
"Psychotria fractinervata","Andropadus nigriceps","foc3",2015-03-09,"Bird-fruit","foc3_2015-03-09_Bird-fruit",2
"Psychotria petiginosa","Andropadus nigriceps","foc3",2015-03-09,"Bird-fruit","foc3_2015-03-09_Bird-fruit",1
"Schefflera myriantha","Andropadus nigriceps","foc3",2015-03-09,"Bird-fruit","foc3_2015-03-09_Bird-fruit",2
"Schefflera volkensii","Cinnyricinclus femoralis","foc3",2015-03-09,"Bird-fruit","foc3_2015-03-09_Bird-fruit",3
"Schefflera volkensii","Columba arquatrix","foc3",2015-03-09,"Bird-fruit","foc3_2015-03-09_Bird-fruit",1
"Schefflera myriantha","Linurgus olivaceus","foc3",2015-03-09,"Bird-fruit","foc3_2015-03-09_Bird-fruit",1
"Schefflera volkensii","Linurgus olivaceus","foc3",2015-03-09,"Bird-fruit","foc3_2015-03-09_Bird-fruit",3
"Schefflera volkensii","Onychognathus walleri","foc3",2015-03-09,"Bird-fruit","foc3_2015-03-09_Bird-fruit",3
"Lasianthus kilimandscharicus","Phyllastrephus cabanisi","foc3",2015-03-09,"Bird-fruit","foc3_2015-03-09_Bird-fruit",6
"Psychotria cyathicalyx","Phyllastrephus cabanisi","foc3",2015-03-09,"Bird-fruit","foc3_2015-03-09_Bird-fruit",1
"Schefflera myriantha","Poeoptera kenricki","foc3",2015-03-09,"Bird-fruit","foc3_2015-03-09_Bird-fruit",4
"Schefflera volkensii","Poeoptera kenricki","foc3",2015-03-09,"Bird-fruit","foc3_2015-03-09_Bird-fruit",9
"Lasianthus kilimandscharicus","Tauraco hartlaubi","foc3",2015-03-09,"Bird-fruit","foc3_2015-03-09_Bird-fruit",1
"Schefflera myriantha","Tauraco hartlaubi","foc3",2015-03-09,"Bird-fruit","foc3_2015-03-09_Bird-fruit",5
"Schefflera volkensii","Tauraco hartlaubi","foc3",2015-03-09,"Bird-fruit","foc3_2015-03-09_Bird-fruit",2
"Galiniera saxifraga","Turdus olivaceus","foc3",2015-03-09,"Bird-fruit","foc3_2015-03-09_Bird-fruit",1
"Lasianthus kilimandscharicus","Turdus olivaceus","foc3",2015-03-09,"Bird-fruit","foc3_2015-03-09_Bird-fruit",2
"Maytenus acuminata","Turdus olivaceus","foc3",2015-03-09,"Bird-fruit","foc3_2015-03-09_Bird-fruit",1
"Psychotria cyathicalyx","Turdus olivaceus","foc3",2015-03-09,"Bird-fruit","foc3_2015-03-09_Bird-fruit",1
"Schefflera myriantha","Turdus olivaceus","foc3",2015-03-09,"Bird-fruit","foc3_2015-03-09_Bird-fruit",1
"Rubus steudneri","Zoothera piaggiae","foc3",2015-03-09,"Bird-fruit","foc3_2015-03-09_Bird-fruit",1
"Lasianthus kilimandscharicus","Zosterops poliogastrus","foc3",2015-03-09,"Bird-fruit","foc3_2015-03-09_Bird-fruit",6
"Schefflera myriantha","Zosterops poliogastrus","foc3",2015-03-09,"Bird-fruit","foc3_2015-03-09_Bird-fruit",4
"Schefflera volkensii","Zosterops poliogastrus","foc3",2015-03-09,"Bird-fruit","foc3_2015-03-09_Bird-fruit",5
"Galiniera saxifraga","Andropadus nigriceps","foc4",2015-03-09,"Bird-fruit","foc4_2015-03-09_Bird-fruit",1
"Ilex mitis","Andropadus nigriceps","foc4",2015-03-09,"Bird-fruit","foc4_2015-03-09_Bird-fruit",1
"Lasianthus kilimandscharicus","Andropadus nigriceps","foc4",2015-03-09,"Bird-fruit","foc4_2015-03-09_Bird-fruit",7
"Maytenus acuminata","Andropadus nigriceps","foc4",2015-03-09,"Bird-fruit","foc4_2015-03-09_Bird-fruit",2
"Ocotea usambarensis","Andropadus nigriceps","foc4",2015-03-09,"Bird-fruit","foc4_2015-03-09_Bird-fruit",1
"Psychotria cyathicalyx","Andropadus nigriceps","foc4",2015-03-09,"Bird-fruit","foc4_2015-03-09_Bird-fruit",48
"Psychotria petiginosa","Andropadus nigriceps","foc4",2015-03-09,"Bird-fruit","foc4_2015-03-09_Bird-fruit",5
"Schefflera myriantha","Andropadus nigriceps","foc4",2015-03-09,"Bird-fruit","foc4_2015-03-09_Bird-fruit",5
"Schefflera myriantha","Cinnyricinclus femoralis","foc4",2015-03-09,"Bird-fruit","foc4_2015-03-09_Bird-fruit",1
"Schefflera volkensii","Cinnyricinclus femoralis","foc4",2015-03-09,"Bird-fruit","foc4_2015-03-09_Bird-fruit",8
"Schefflera volkensii","Cinnyricinclus sharpii","foc4",2015-03-09,"Bird-fruit","foc4_2015-03-09_Bird-fruit",4
"Ocotea usambarensis","Columba arquatrix","foc4",2015-03-09,"Bird-fruit","foc4_2015-03-09_Bird-fruit",2
"Schefflera myriantha","Onychognathus walleri","foc4",2015-03-09,"Bird-fruit","foc4_2015-03-09_Bird-fruit",5
"Schefflera volkensii","Onychognathus walleri","foc4",2015-03-09,"Bird-fruit","foc4_2015-03-09_Bird-fruit",2
"Lasianthus kilimandscharicus","Phyllastrephus cabanisi","foc4",2015-03-09,"Bird-fruit","foc4_2015-03-09_Bird-fruit",8
"Psychotria cyathicalyx","Phyllastrephus cabanisi","foc4",2015-03-09,"Bird-fruit","foc4_2015-03-09_Bird-fruit",7
"Schefflera myriantha","Poeoptera kenricki","foc4",2015-03-09,"Bird-fruit","foc4_2015-03-09_Bird-fruit",2
"Schefflera volkensii","Poeoptera kenricki","foc4",2015-03-09,"Bird-fruit","foc4_2015-03-09_Bird-fruit",7
"Lasianthus kilimandscharicus","Tauraco hartlaubi","foc4",2015-03-09,"Bird-fruit","foc4_2015-03-09_Bird-fruit",2
"Schefflera volkensii","Tauraco hartlaubi","foc4",2015-03-09,"Bird-fruit","foc4_2015-03-09_Bird-fruit",3
"Lasianthus kilimandscharicus","Turdus olivaceus","foc4",2015-03-09,"Bird-fruit","foc4_2015-03-09_Bird-fruit",1
"Psychotria petiginosa","Turdus olivaceus","foc4",2015-03-09,"Bird-fruit","foc4_2015-03-09_Bird-fruit",1
"Schefflera myriantha","Turdus olivaceus","foc4",2015-03-09,"Bird-fruit","foc4_2015-03-09_Bird-fruit",4
"Lasianthus kilimandscharicus","Zoothera piaggiae","foc4",2015-03-09,"Bird-fruit","foc4_2015-03-09_Bird-fruit",2
"Psychotria cyathicalyx","Zoothera piaggiae","foc4",2015-03-09,"Bird-fruit","foc4_2015-03-09_Bird-fruit",3
"Psychotria cyathicalyx","Zosterops poliogastrus","foc4",2015-03-09,"Bird-fruit","foc4_2015-03-09_Bird-fruit",1
"Rubus steudneri","Zosterops poliogastrus","foc4",2015-03-09,"Bird-fruit","foc4_2015-03-09_Bird-fruit",1
"Discopodium eremanthum","Andropadus nigriceps","foc5",2014-03-25,"Bird-fruit","foc5_2014-03-25_Bird-fruit",2
"Ocotea usambarensis","Andropadus nigriceps","foc5",2014-03-25,"Bird-fruit","foc5_2014-03-25_Bird-fruit",11
"Psychotria cyathicalyx","Andropadus nigriceps","foc5",2014-03-25,"Bird-fruit","foc5_2014-03-25_Bird-fruit",19
"Rubus steudneri","Andropadus nigriceps","foc5",2014-03-25,"Bird-fruit","foc5_2014-03-25_Bird-fruit",1
"Schefflera myriantha","Andropadus nigriceps","foc5",2014-03-25,"Bird-fruit","foc5_2014-03-25_Bird-fruit",8
"Schefflera volkensii","Andropadus nigriceps","foc5",2014-03-25,"Bird-fruit","foc5_2014-03-25_Bird-fruit",7
"Zehneria scabra","Andropadus nigriceps","foc5",2014-03-25,"Bird-fruit","foc5_2014-03-25_Bird-fruit",4
"Schefflera volkensii","Apaloderma vittatum","foc5",2014-03-25,"Bird-fruit","foc5_2014-03-25_Bird-fruit",4
"Ocotea usambarensis","Cinnyricinclus femoralis","foc5",2014-03-25,"Bird-fruit","foc5_2014-03-25_Bird-fruit",1
"Schefflera myriantha","Cinnyricinclus femoralis","foc5",2014-03-25,"Bird-fruit","foc5_2014-03-25_Bird-fruit",2
"Schefflera volkensii","Cinnyricinclus femoralis","foc5",2014-03-25,"Bird-fruit","foc5_2014-03-25_Bird-fruit",2
"Schefflera myriantha","Onychognathus walleri","foc5",2014-03-25,"Bird-fruit","foc5_2014-03-25_Bird-fruit",2
"Schefflera volkensii","Onychognathus walleri","foc5",2014-03-25,"Bird-fruit","foc5_2014-03-25_Bird-fruit",5
"Psychotria cyathicalyx","Phyllastrephus cabanisi","foc5",2014-03-25,"Bird-fruit","foc5_2014-03-25_Bird-fruit",7
"Schefflera myriantha","Phyllastrephus cabanisi","foc5",2014-03-25,"Bird-fruit","foc5_2014-03-25_Bird-fruit",8
"Schefflera volkensii","Phyllastrephus cabanisi","foc5",2014-03-25,"Bird-fruit","foc5_2014-03-25_Bird-fruit",13
"Psychotria cyathicalyx","Tauraco hartlaubi","foc5",2014-03-25,"Bird-fruit","foc5_2014-03-25_Bird-fruit",5
"Schefflera myriantha","Tauraco hartlaubi","foc5",2014-03-25,"Bird-fruit","foc5_2014-03-25_Bird-fruit",10
"Schefflera volkensii","Tauraco hartlaubi","foc5",2014-03-25,"Bird-fruit","foc5_2014-03-25_Bird-fruit",18
"Discopodium eremanthum","Turdus olivaceus","foc5",2014-03-25,"Bird-fruit","foc5_2014-03-25_Bird-fruit",1
"Ocotea usambarensis","Turdus olivaceus","foc5",2014-03-25,"Bird-fruit","foc5_2014-03-25_Bird-fruit",2
"Psychotria cyathicalyx","Turdus olivaceus","foc5",2014-03-25,"Bird-fruit","foc5_2014-03-25_Bird-fruit",4
"Schefflera myriantha","Turdus olivaceus","foc5",2014-03-25,"Bird-fruit","foc5_2014-03-25_Bird-fruit",4
"Schefflera volkensii","Turdus olivaceus","foc5",2014-03-25,"Bird-fruit","foc5_2014-03-25_Bird-fruit",9
"Psychotria cyathicalyx","Zosterops poliogastrus","foc5",2014-03-25,"Bird-fruit","foc5_2014-03-25_Bird-fruit",2
"Schefflera myriantha","Zosterops poliogastrus","foc5",2014-03-25,"Bird-fruit","foc5_2014-03-25_Bird-fruit",57
"Schefflera volkensii","Zosterops poliogastrus","foc5",2014-03-25,"Bird-fruit","foc5_2014-03-25_Bird-fruit",140
"Lasianthus kilimandscharicus","Andropadus nigriceps","fod1",2014-03-11,"Bird-fruit","fod1_2014-03-11_Bird-fruit",220
"Ocotea usambarensis","Andropadus nigriceps","fod1",2014-03-11,"Bird-fruit","fod1_2014-03-11_Bird-fruit",8
"Psychotria cyathicalyx","Andropadus nigriceps","fod1",2014-03-11,"Bird-fruit","fod1_2014-03-11_Bird-fruit",2
"Psychotria petiginosa","Andropadus nigriceps","fod1",2014-03-11,"Bird-fruit","fod1_2014-03-11_Bird-fruit",2
"Schefflera volkensii","Andropadus nigriceps","fod1",2014-03-11,"Bird-fruit","fod1_2014-03-11_Bird-fruit",2
"Lasianthus kilimandscharicus","Phyllastrephus cabanisi","fod1",2014-03-11,"Bird-fruit","fod1_2014-03-11_Bird-fruit",1
"Ocotea usambarensis","Phyllastrephus cabanisi","fod1",2014-03-11,"Bird-fruit","fod1_2014-03-11_Bird-fruit",4
"Schefflera volkensii","Phyllastrephus cabanisi","fod1",2014-03-11,"Bird-fruit","fod1_2014-03-11_Bird-fruit",20
"Schefflera volkensii","Poeoptera kenricki","fod1",2014-03-11,"Bird-fruit","fod1_2014-03-11_Bird-fruit",3
"Lasianthus kilimandscharicus","Tauraco hartlaubi","fod1",2014-03-11,"Bird-fruit","fod1_2014-03-11_Bird-fruit",1
"Schefflera volkensii","Tauraco hartlaubi","fod1",2014-03-11,"Bird-fruit","fod1_2014-03-11_Bird-fruit",13
"Lasianthus kilimandscharicus","Turdus olivaceus","fod1",2014-03-11,"Bird-fruit","fod1_2014-03-11_Bird-fruit",8
"Schefflera volkensii","Turdus olivaceus","fod1",2014-03-11,"Bird-fruit","fod1_2014-03-11_Bird-fruit",1
"Lasianthus kilimandscharicus","Zosterops poliogastrus","fod1",2014-03-11,"Bird-fruit","fod1_2014-03-11_Bird-fruit",85
"Galiniera saxifraga","Andropadus nigriceps","fod2",2005-08-24,"Bird-fruit","fod2_2005-08-24_Bird-fruit",3
"Lasianthus kilimandscharicus","Andropadus nigriceps","fod2",2005-08-24,"Bird-fruit","fod2_2005-08-24_Bird-fruit",3
"Schefflera myriantha","Andropadus nigriceps","fod2",2005-08-24,"Bird-fruit","fod2_2005-08-24_Bird-fruit",55
"Lasianthus kilimandscharicus","Phyllastrephus cabanisi","fod2",2005-08-24,"Bird-fruit","fod2_2005-08-24_Bird-fruit",1
"Schefflera myriantha","Phyllastrephus cabanisi","fod2",2005-08-24,"Bird-fruit","fod2_2005-08-24_Bird-fruit",1
"Podocarpus latifolius","Tauraco hartlaubi","fod2",2005-08-24,"Bird-fruit","fod2_2005-08-24_Bird-fruit",4
"Schefflera myriantha","Turdus olivaceus","fod2",2005-08-24,"Bird-fruit","fod2_2005-08-24_Bird-fruit",1
"Erianthemum dregei","Andropadus nigriceps","fod4",2014-03-18,"Bird-fruit","fod4_2014-03-18_Bird-fruit",1
"Galiniera saxifraga","Andropadus nigriceps","fod4",2014-03-18,"Bird-fruit","fod4_2014-03-18_Bird-fruit",36
"Ocotea usambarensis","Andropadus nigriceps","fod4",2014-03-18,"Bird-fruit","fod4_2014-03-18_Bird-fruit",7
"Psychotria cyathicalyx","Andropadus nigriceps","fod4",2014-03-18,"Bird-fruit","fod4_2014-03-18_Bird-fruit",41
"Rubus steudneri","Andropadus nigriceps","fod4",2014-03-18,"Bird-fruit","fod4_2014-03-18_Bird-fruit",2
"Schefflera volkensii","Andropadus nigriceps","fod4",2014-03-18,"Bird-fruit","fod4_2014-03-18_Bird-fruit",6
"Schefflera volkensii","Apaloderma vittatum","fod4",2014-03-18,"Bird-fruit","fod4_2014-03-18_Bird-fruit",6
"Psychotria cyathicalyx","Phyllastrephus cabanisi","fod4",2014-03-18,"Bird-fruit","fod4_2014-03-18_Bird-fruit",1
"Schefflera volkensii","Phyllastrephus cabanisi","fod4",2014-03-18,"Bird-fruit","fod4_2014-03-18_Bird-fruit",34
"Schefflera volkensii","Tauraco hartlaubi","fod4",2014-03-18,"Bird-fruit","fod4_2014-03-18_Bird-fruit",47
"Rubus steudneri","Turdus olivaceus","fod4",2014-03-18,"Bird-fruit","fod4_2014-03-18_Bird-fruit",2
"Schefflera volkensii","Turdus olivaceus","fod4",2014-03-18,"Bird-fruit","fod4_2014-03-18_Bird-fruit",2
"Galiniera saxifraga","Zosterops poliogastrus","fod4",2014-03-18,"Bird-fruit","fod4_2014-03-18_Bird-fruit",2
"Psychotria cyathicalyx","Zosterops poliogastrus","fod4",2014-03-18,"Bird-fruit","fod4_2014-03-18_Bird-fruit",3
"Rubus steudneri","Zosterops poliogastrus","fod4",2014-03-18,"Bird-fruit","fod4_2014-03-18_Bird-fruit",11
"Schefflera volkensii","Zosterops poliogastrus","fod4",2014-03-18,"Bird-fruit","fod4_2014-03-18_Bird-fruit",9
"Embelia schimperi","Andropadus nigriceps","fod5",2015-08-10,"Bird-fruit","fod5_2015-08-10_Bird-fruit",5
"Lasianthus kilimandscharicus","Andropadus nigriceps","fod5",2015-08-10,"Bird-fruit","fod5_2015-08-10_Bird-fruit",3
"Psychotria cyathicalyx","Andropadus nigriceps","fod5",2015-08-10,"Bird-fruit","fod5_2015-08-10_Bird-fruit",3
"Schefflera volkensii","Andropadus nigriceps","fod5",2015-08-10,"Bird-fruit","fod5_2015-08-10_Bird-fruit",59
"Psychotria cyathicalyx","Phyllastrephus cabanisi","fod5",2015-08-10,"Bird-fruit","fod5_2015-08-10_Bird-fruit",3
"Podocarpus latifolius","Tauraco hartlaubi","fod5",2015-08-10,"Bird-fruit","fod5_2015-08-10_Bird-fruit",5
"Schefflera volkensii","Tauraco hartlaubi","fod5",2015-08-10,"Bird-fruit","fod5_2015-08-10_Bird-fruit",3
"Lasianthus kilimandscharicus","Turdus olivaceus","fod5",2015-08-10,"Bird-fruit","fod5_2015-08-10_Bird-fruit",3
"Podocarpus latifolius","Turdus olivaceus","fod5",2015-08-10,"Bird-fruit","fod5_2015-08-10_Bird-fruit",1
"Psychotria cyathicalyx","Turdus olivaceus","fod5",2015-08-10,"Bird-fruit","fod5_2015-08-10_Bird-fruit",1
"Schefflera volkensii","Turdus olivaceus","fod5",2015-08-10,"Bird-fruit","fod5_2015-08-10_Bird-fruit",6
"Psychotria cyathicalyx","Zoothera piaggiae","fod5",2015-08-10,"Bird-fruit","fod5_2015-08-10_Bird-fruit",2
"Embelia schimperi","Zosterops poliogastrus","fod5",2015-08-10,"Bird-fruit","fod5_2015-08-10_Bird-fruit",2
"Schefflera volkensii","Zosterops poliogastrus","fod5",2015-08-10,"Bird-fruit","fod5_2015-08-10_Bird-fruit",319
"Ilex mitis","Andropadus nigriceps","fpd3",2014-09-08,"Bird-fruit","fpd3_2014-09-08_Bird-fruit",1
"Myrsine africana","Andropadus nigriceps","fpd3",2014-09-08,"Bird-fruit","fpd3_2014-09-08_Bird-fruit",20
"Prunus africana","Andropadus nigriceps","fpd3",2014-09-08,"Bird-fruit","fpd3_2014-09-08_Bird-fruit",10
"Schefflera volkensii","Andropadus nigriceps","fpd3",2014-09-08,"Bird-fruit","fpd3_2014-09-08_Bird-fruit",32
"Zehneria scabra","Andropadus nigriceps","fpd3",2014-09-08,"Bird-fruit","fpd3_2014-09-08_Bird-fruit",1
"Schefflera volkensii","Cinnyricinclus femoralis","fpd3",2014-09-08,"Bird-fruit","fpd3_2014-09-08_Bird-fruit",1
"Myrsine africana","Columba arquatrix","fpd3",2014-09-08,"Bird-fruit","fpd3_2014-09-08_Bird-fruit",1
"Prunus africana","Onychognathus walleri","fpd3",2014-09-08,"Bird-fruit","fpd3_2014-09-08_Bird-fruit",75
"Schefflera volkensii","Onychognathus walleri","fpd3",2014-09-08,"Bird-fruit","fpd3_2014-09-08_Bird-fruit",24
"Myrsine africana","Tauraco hartlaubi","fpd3",2014-09-08,"Bird-fruit","fpd3_2014-09-08_Bird-fruit",1
"Prunus africana","Tauraco hartlaubi","fpd3",2014-09-08,"Bird-fruit","fpd3_2014-09-08_Bird-fruit",43
"Schefflera volkensii","Tauraco hartlaubi","fpd3",2014-09-08,"Bird-fruit","fpd3_2014-09-08_Bird-fruit",25
"Zehneria scabra","Tauraco hartlaubi","fpd3",2014-09-08,"Bird-fruit","fpd3_2014-09-08_Bird-fruit",2
"Myrsine africana","Turdus olivaceus","fpd3",2014-09-08,"Bird-fruit","fpd3_2014-09-08_Bird-fruit",1
"Prunus africana","Turdus olivaceus","fpd3",2014-09-08,"Bird-fruit","fpd3_2014-09-08_Bird-fruit",3
"Schefflera volkensii","Turdus olivaceus","fpd3",2014-09-08,"Bird-fruit","fpd3_2014-09-08_Bird-fruit",9
"Myrsine africana","Zosterops poliogastrus","fpd3",2014-09-08,"Bird-fruit","fpd3_2014-09-08_Bird-fruit",1
"Prunus africana","Zosterops poliogastrus","fpd3",2014-09-08,"Bird-fruit","fpd3_2014-09-08_Bird-fruit",12
"Rubus steudneri","Zosterops poliogastrus","fpd3",2014-09-08,"Bird-fruit","fpd3_2014-09-08_Bird-fruit",1
"Schefflera volkensii","Zosterops poliogastrus","fpd3",2014-09-08,"Bird-fruit","fpd3_2014-09-08_Bird-fruit",28
"Myrsine africana","Andropadus nigriceps","fpd4",2015-09-21,"Bird-fruit","fpd4_2015-09-21_Bird-fruit",3
"Schefflera myriantha","Andropadus nigriceps","fpd4",2015-09-21,"Bird-fruit","fpd4_2015-09-21_Bird-fruit",3
"Schefflera myriantha","Tauraco hartlaubi","fpd4",2015-09-21,"Bird-fruit","fpd4_2015-09-21_Bird-fruit",6
"Discopodium eremanthum","Andropadus nigriceps","fpo1",2014-02-11,"Bird-fruit","fpo1_2014-02-11_Bird-fruit",13
"Maytenus acuminata","Andropadus nigriceps","fpo1",2014-02-11,"Bird-fruit","fpo1_2014-02-11_Bird-fruit",2
"Rubus steudneri","Andropadus nigriceps","fpo1",2014-02-11,"Bird-fruit","fpo1_2014-02-11_Bird-fruit",5
"Schefflera volkensii","Andropadus nigriceps","fpo1",2014-02-11,"Bird-fruit","fpo1_2014-02-11_Bird-fruit",61
"Zehneria scabra","Andropadus nigriceps","fpo1",2014-02-11,"Bird-fruit","fpo1_2014-02-11_Bird-fruit",15
"Discopodium eremanthum","Linurgus olivaceus","fpo1",2014-02-11,"Bird-fruit","fpo1_2014-02-11_Bird-fruit",1
"Rubus steudneri","Linurgus olivaceus","fpo1",2014-02-11,"Bird-fruit","fpo1_2014-02-11_Bird-fruit",1
"Schefflera volkensii","Linurgus olivaceus","fpo1",2014-02-11,"Bird-fruit","fpo1_2014-02-11_Bird-fruit",17
"Schefflera volkensii","Onychognathus walleri","fpo1",2014-02-11,"Bird-fruit","fpo1_2014-02-11_Bird-fruit",11
"Schefflera volkensii","Phyllastrephus cabanisi","fpo1",2014-02-11,"Bird-fruit","fpo1_2014-02-11_Bird-fruit",9
"Schefflera volkensii","Tauraco hartlaubi","fpo1",2014-02-11,"Bird-fruit","fpo1_2014-02-11_Bird-fruit",72
"Zehneria scabra","Tauraco hartlaubi","fpo1",2014-02-11,"Bird-fruit","fpo1_2014-02-11_Bird-fruit",3
"Discopodium eremanthum","Turdus olivaceus","fpo1",2014-02-11,"Bird-fruit","fpo1_2014-02-11_Bird-fruit",1
"Rubus steudneri","Turdus olivaceus","fpo1",2014-02-11,"Bird-fruit","fpo1_2014-02-11_Bird-fruit",1
"Schefflera volkensii","Turdus olivaceus","fpo1",2014-02-11,"Bird-fruit","fpo1_2014-02-11_Bird-fruit",5
"Rubus steudneri","Zosterops poliogastrus","fpo1",2014-02-11,"Bird-fruit","fpo1_2014-02-11_Bird-fruit",2
"Schefflera volkensii","Zosterops poliogastrus","fpo1",2014-02-11,"Bird-fruit","fpo1_2014-02-11_Bird-fruit",177
"Discopodium eremanthum","Andropadus nigriceps","fpo2",2015-08-17,"Bird-fruit","fpo2_2015-08-17_Bird-fruit",3
"Embelia schimperi","Andropadus nigriceps","fpo2",2015-08-17,"Bird-fruit","fpo2_2015-08-17_Bird-fruit",1
"Ilex mitis","Andropadus nigriceps","fpo2",2015-08-17,"Bird-fruit","fpo2_2015-08-17_Bird-fruit",2
"Maytenus acuminata","Andropadus nigriceps","fpo2",2015-08-17,"Bird-fruit","fpo2_2015-08-17_Bird-fruit",2
"Myrsine africana","Andropadus nigriceps","fpo2",2015-08-17,"Bird-fruit","fpo2_2015-08-17_Bird-fruit",1
"Prunus africana","Andropadus nigriceps","fpo2",2015-08-17,"Bird-fruit","fpo2_2015-08-17_Bird-fruit",4
"Schefflera volkensii","Andropadus nigriceps","fpo2",2015-08-17,"Bird-fruit","fpo2_2015-08-17_Bird-fruit",134
"Zehneria scabra","Andropadus nigriceps","fpo2",2015-08-17,"Bird-fruit","fpo2_2015-08-17_Bird-fruit",1
"Embelia schimperi","Cinnyricinclus femoralis","fpo2",2015-08-17,"Bird-fruit","fpo2_2015-08-17_Bird-fruit",2
"Prunus africana","Cinnyricinclus femoralis","fpo2",2015-08-17,"Bird-fruit","fpo2_2015-08-17_Bird-fruit",3
"Schefflera volkensii","Cinnyricinclus femoralis","fpo2",2015-08-17,"Bird-fruit","fpo2_2015-08-17_Bird-fruit",7
"Prunus africana","Cinnyricinclus sharpii","fpo2",2015-08-17,"Bird-fruit","fpo2_2015-08-17_Bird-fruit",6
"Schefflera volkensii","Cinnyricinclus sharpii","fpo2",2015-08-17,"Bird-fruit","fpo2_2015-08-17_Bird-fruit",1
"Podocarpus latifolius","Columba arquatrix","fpo2",2015-08-17,"Bird-fruit","fpo2_2015-08-17_Bird-fruit",2
"Podocarpus latifolius","Corvus albicollis","fpo2",2015-08-17,"Bird-fruit","fpo2_2015-08-17_Bird-fruit",1
"Embelia schimperi","Linurgus olivaceus","fpo2",2015-08-17,"Bird-fruit","fpo2_2015-08-17_Bird-fruit",4
"Schefflera volkensii","Linurgus olivaceus","fpo2",2015-08-17,"Bird-fruit","fpo2_2015-08-17_Bird-fruit",2
"Embelia schimperi","Onychognathus walleri","fpo2",2015-08-17,"Bird-fruit","fpo2_2015-08-17_Bird-fruit",3
"Prunus africana","Onychognathus walleri","fpo2",2015-08-17,"Bird-fruit","fpo2_2015-08-17_Bird-fruit",3
"Schefflera volkensii","Onychognathus walleri","fpo2",2015-08-17,"Bird-fruit","fpo2_2015-08-17_Bird-fruit",4
"Podocarpus latifolius","Tauraco hartlaubi","fpo2",2015-08-17,"Bird-fruit","fpo2_2015-08-17_Bird-fruit",2
"Prunus africana","Tauraco hartlaubi","fpo2",2015-08-17,"Bird-fruit","fpo2_2015-08-17_Bird-fruit",2
"Schefflera volkensii","Tauraco hartlaubi","fpo2",2015-08-17,"Bird-fruit","fpo2_2015-08-17_Bird-fruit",1
"Zehneria scabra","Tauraco hartlaubi","fpo2",2015-08-17,"Bird-fruit","fpo2_2015-08-17_Bird-fruit",1
"Discopodium eremanthum","Turdus olivaceus","fpo2",2015-08-17,"Bird-fruit","fpo2_2015-08-17_Bird-fruit",1
"Ilex mitis","Turdus olivaceus","fpo2",2015-08-17,"Bird-fruit","fpo2_2015-08-17_Bird-fruit",1
"Prunus africana","Turdus olivaceus","fpo2",2015-08-17,"Bird-fruit","fpo2_2015-08-17_Bird-fruit",2
"Schefflera volkensii","Turdus olivaceus","fpo2",2015-08-17,"Bird-fruit","fpo2_2015-08-17_Bird-fruit",23
"Discopodium eremanthum","Zoothera piaggiae","fpo2",2015-08-17,"Bird-fruit","fpo2_2015-08-17_Bird-fruit",1
"Rubus steudneri","Zosterops poliogastrus","fpo2",2015-08-17,"Bird-fruit","fpo2_2015-08-17_Bird-fruit",1
"Schefflera volkensii","Zosterops poliogastrus","fpo2",2015-08-17,"Bird-fruit","fpo2_2015-08-17_Bird-fruit",111
"Discopodium eremanthum","Andropadus nigriceps","fpo3",2015-08-17,"Bird-fruit","fpo3_2015-08-17_Bird-fruit",3
"Rubus steudneri","Andropadus nigriceps","fpo3",2015-08-17,"Bird-fruit","fpo3_2015-08-17_Bird-fruit",1
"Schefflera volkensii","Andropadus nigriceps","fpo3",2015-08-17,"Bird-fruit","fpo3_2015-08-17_Bird-fruit",82
"Podocarpus latifolius","Columba arquatrix","fpo3",2015-08-17,"Bird-fruit","fpo3_2015-08-17_Bird-fruit",1
"Schefflera volkensii","Columba arquatrix","fpo3",2015-08-17,"Bird-fruit","fpo3_2015-08-17_Bird-fruit",1
"Podocarpus latifolius","Corvus albicollis","fpo3",2015-08-17,"Bird-fruit","fpo3_2015-08-17_Bird-fruit",1
"Schefflera volkensii","Linurgus olivaceus","fpo3",2015-08-17,"Bird-fruit","fpo3_2015-08-17_Bird-fruit",2
"Discopodium eremanthum","Tauraco hartlaubi","fpo3",2015-08-17,"Bird-fruit","fpo3_2015-08-17_Bird-fruit",1
"Podocarpus latifolius","Tauraco hartlaubi","fpo3",2015-08-17,"Bird-fruit","fpo3_2015-08-17_Bird-fruit",6
"Schefflera volkensii","Tauraco hartlaubi","fpo3",2015-08-17,"Bird-fruit","fpo3_2015-08-17_Bird-fruit",7
"Schefflera volkensii","Turdus olivaceus","fpo3",2015-08-17,"Bird-fruit","fpo3_2015-08-17_Bird-fruit",17
"Discopodium eremanthum","Zoothera piaggiae","fpo3",2015-08-17,"Bird-fruit","fpo3_2015-08-17_Bird-fruit",2
"Schefflera volkensii","Zosterops poliogastrus","fpo3",2015-08-17,"Bird-fruit","fpo3_2015-08-17_Bird-fruit",192
"Discopodium eremanthum","Andropadus nigriceps","fpo4",2014-09-01,"Bird-fruit","fpo4_2014-09-01_Bird-fruit",3
"Ilex mitis","Andropadus nigriceps","fpo4",2014-09-01,"Bird-fruit","fpo4_2014-09-01_Bird-fruit",23
"Maytenus acuminata","Andropadus nigriceps","fpo4",2014-09-01,"Bird-fruit","fpo4_2014-09-01_Bird-fruit",1
"Podocarpus latifolius","Andropadus nigriceps","fpo4",2014-09-01,"Bird-fruit","fpo4_2014-09-01_Bird-fruit",2
"Psychotria cyathicalyx","Andropadus nigriceps","fpo4",2014-09-01,"Bird-fruit","fpo4_2014-09-01_Bird-fruit",9
"Schefflera volkensii","Andropadus nigriceps","fpo4",2014-09-01,"Bird-fruit","fpo4_2014-09-01_Bird-fruit",54
"Zehneria scabra","Andropadus nigriceps","fpo4",2014-09-01,"Bird-fruit","fpo4_2014-09-01_Bird-fruit",2
"Schefflera volkensii","Cinnyricinclus femoralis","fpo4",2014-09-01,"Bird-fruit","fpo4_2014-09-01_Bird-fruit",1
"Ilex mitis","Columba arquatrix","fpo4",2014-09-01,"Bird-fruit","fpo4_2014-09-01_Bird-fruit",4
"Schefflera volkensii","Columba arquatrix","fpo4",2014-09-01,"Bird-fruit","fpo4_2014-09-01_Bird-fruit",2
"Ilex mitis","Linurgus olivaceus","fpo4",2014-09-01,"Bird-fruit","fpo4_2014-09-01_Bird-fruit",1
"Schefflera volkensii","Linurgus olivaceus","fpo4",2014-09-01,"Bird-fruit","fpo4_2014-09-01_Bird-fruit",4
"Ilex mitis","Onychognathus walleri","fpo4",2014-09-01,"Bird-fruit","fpo4_2014-09-01_Bird-fruit",14
"Schefflera volkensii","Onychognathus walleri","fpo4",2014-09-01,"Bird-fruit","fpo4_2014-09-01_Bird-fruit",44
"Ilex mitis","Phyllastrephus cabanisi","fpo4",2014-09-01,"Bird-fruit","fpo4_2014-09-01_Bird-fruit",1
"Psychotria cyathicalyx","Phyllastrephus cabanisi","fpo4",2014-09-01,"Bird-fruit","fpo4_2014-09-01_Bird-fruit",3
"Schefflera volkensii","Phyllastrephus cabanisi","fpo4",2014-09-01,"Bird-fruit","fpo4_2014-09-01_Bird-fruit",23
"Zehneria scabra","Phyllastrephus cabanisi","fpo4",2014-09-01,"Bird-fruit","fpo4_2014-09-01_Bird-fruit",1
"Schefflera volkensii","Poeoptera kenricki","fpo4",2014-09-01,"Bird-fruit","fpo4_2014-09-01_Bird-fruit",14
"Psychotria cyathicalyx","Tauraco hartlaubi","fpo4",2014-09-01,"Bird-fruit","fpo4_2014-09-01_Bird-fruit",1
"Schefflera volkensii","Tauraco hartlaubi","fpo4",2014-09-01,"Bird-fruit","fpo4_2014-09-01_Bird-fruit",20
"Ilex mitis","Turdus olivaceus","fpo4",2014-09-01,"Bird-fruit","fpo4_2014-09-01_Bird-fruit",3
"Psychotria cyathicalyx","Turdus olivaceus","fpo4",2014-09-01,"Bird-fruit","fpo4_2014-09-01_Bird-fruit",4
"Schefflera volkensii","Turdus olivaceus","fpo4",2014-09-01,"Bird-fruit","fpo4_2014-09-01_Bird-fruit",25
"Zehneria scabra","Turdus olivaceus","fpo4",2014-09-01,"Bird-fruit","fpo4_2014-09-01_Bird-fruit",1
"Ilex mitis","Zosterops poliogastrus","fpo4",2014-09-01,"Bird-fruit","fpo4_2014-09-01_Bird-fruit",4
"Schefflera volkensii","Zosterops poliogastrus","fpo4",2014-09-01,"Bird-fruit","fpo4_2014-09-01_Bird-fruit",89
"Embelia schimperi","Andropadus nigriceps","fpo5",2015-08-03,"Bird-fruit","fpo5_2015-08-03_Bird-fruit",4
"Ilex mitis","Andropadus nigriceps","fpo5",2015-08-03,"Bird-fruit","fpo5_2015-08-03_Bird-fruit",3
"Myrsine africana","Andropadus nigriceps","fpo5",2015-08-03,"Bird-fruit","fpo5_2015-08-03_Bird-fruit",2
"Prunus africana","Andropadus nigriceps","fpo5",2015-08-03,"Bird-fruit","fpo5_2015-08-03_Bird-fruit",9
"Psychotria cyathicalyx","Andropadus nigriceps","fpo5",2015-08-03,"Bird-fruit","fpo5_2015-08-03_Bird-fruit",4
"Schefflera volkensii","Andropadus nigriceps","fpo5",2015-08-03,"Bird-fruit","fpo5_2015-08-03_Bird-fruit",7
"Myrsine africana","Chloropeta similis","fpo5",2015-08-03,"Bird-fruit","fpo5_2015-08-03_Bird-fruit",1
"Embelia schimperi","Cinnyricinclus femoralis","fpo5",2015-08-03,"Bird-fruit","fpo5_2015-08-03_Bird-fruit",2
"Ilex mitis","Cinnyricinclus femoralis","fpo5",2015-08-03,"Bird-fruit","fpo5_2015-08-03_Bird-fruit",3
"Prunus africana","Cinnyricinclus femoralis","fpo5",2015-08-03,"Bird-fruit","fpo5_2015-08-03_Bird-fruit",7
"Schefflera volkensii","Cinnyricinclus femoralis","fpo5",2015-08-03,"Bird-fruit","fpo5_2015-08-03_Bird-fruit",4
"Podocarpus latifolius","Columba arquatrix","fpo5",2015-08-03,"Bird-fruit","fpo5_2015-08-03_Bird-fruit",5
"Prunus africana","Columba arquatrix","fpo5",2015-08-03,"Bird-fruit","fpo5_2015-08-03_Bird-fruit",5
"Schefflera volkensii","Columba arquatrix","fpo5",2015-08-03,"Bird-fruit","fpo5_2015-08-03_Bird-fruit",12
"Podocarpus latifolius","Corvus albicollis","fpo5",2015-08-03,"Bird-fruit","fpo5_2015-08-03_Bird-fruit",2
"Psychotria cyathicalyx","Corvus albicollis","fpo5",2015-08-03,"Bird-fruit","fpo5_2015-08-03_Bird-fruit",1
"Rubus steudneri","Francolinus squamatus","fpo5",2015-08-03,"Bird-fruit","fpo5_2015-08-03_Bird-fruit",1
"Ilex mitis","Linurgus olivaceus","fpo5",2015-08-03,"Bird-fruit","fpo5_2015-08-03_Bird-fruit",2
"Schefflera volkensii","Linurgus olivaceus","fpo5",2015-08-03,"Bird-fruit","fpo5_2015-08-03_Bird-fruit",6
"Embelia schimperi","Onychognathus walleri","fpo5",2015-08-03,"Bird-fruit","fpo5_2015-08-03_Bird-fruit",4
"Podocarpus latifolius","Onychognathus walleri","fpo5",2015-08-03,"Bird-fruit","fpo5_2015-08-03_Bird-fruit",2
"Schefflera volkensii","Onychognathus walleri","fpo5",2015-08-03,"Bird-fruit","fpo5_2015-08-03_Bird-fruit",8
"Psychotria cyathicalyx","Pogonocichla stellata","fpo5",2015-08-03,"Bird-fruit","fpo5_2015-08-03_Bird-fruit",1
"Rubus steudneri","Pogonocichla stellata","fpo5",2015-08-03,"Bird-fruit","fpo5_2015-08-03_Bird-fruit",1
"Podocarpus latifolius","Tauraco hartlaubi","fpo5",2015-08-03,"Bird-fruit","fpo5_2015-08-03_Bird-fruit",16
"Prunus africana","Tauraco hartlaubi","fpo5",2015-08-03,"Bird-fruit","fpo5_2015-08-03_Bird-fruit",7
"Schefflera volkensii","Tauraco hartlaubi","fpo5",2015-08-03,"Bird-fruit","fpo5_2015-08-03_Bird-fruit",5
"Embelia schimperi","Turdus olivaceus","fpo5",2015-08-03,"Bird-fruit","fpo5_2015-08-03_Bird-fruit",1
"Ilex mitis","Turdus olivaceus","fpo5",2015-08-03,"Bird-fruit","fpo5_2015-08-03_Bird-fruit",1
"Podocarpus latifolius","Turdus olivaceus","fpo5",2015-08-03,"Bird-fruit","fpo5_2015-08-03_Bird-fruit",1
"Prunus africana","Turdus olivaceus","fpo5",2015-08-03,"Bird-fruit","fpo5_2015-08-03_Bird-fruit",11
"Psychotria cyathicalyx","Turdus olivaceus","fpo5",2015-08-03,"Bird-fruit","fpo5_2015-08-03_Bird-fruit",2
"Psychotria cyathicalyx","Zoothera piaggiae","fpo5",2015-08-03,"Bird-fruit","fpo5_2015-08-03_Bird-fruit",1
"Schefflera volkensii","Zosterops poliogastrus","fpo5",2015-08-03,"Bird-fruit","fpo5_2015-08-03_Bird-fruit",74
"Smilax anceps","Andropadus milanjensis","gra2",2014-11-25,"Bird-fruit","gra2_2014-11-25_Bird-fruit",7
"Cissus oliveri","Colius striatus","gra2",2014-11-25,"Bird-fruit","gra2_2014-11-25_Bird-fruit",1
"Lantana camara","Colius striatus","gra2",2014-11-25,"Bird-fruit","gra2_2014-11-25_Bird-fruit",15
"Rhamnus prinoides","Colius striatus","gra2",2014-11-25,"Bird-fruit","gra2_2014-11-25_Bird-fruit",1
"Smilax anceps","Colius striatus","gra2",2014-11-25,"Bird-fruit","gra2_2014-11-25_Bird-fruit",6
"Lantana camara","Cossypha caffra","gra2",2014-11-25,"Bird-fruit","gra2_2014-11-25_Bird-fruit",1
"Lantana camara","Ploceus baglafecht","gra2",2014-11-25,"Bird-fruit","gra2_2014-11-25_Bird-fruit",6
"Rhamnus prinoides","Ploceus baglafecht","gra2",2014-11-25,"Bird-fruit","gra2_2014-11-25_Bird-fruit",1
"Smilax anceps","Ploceus baglafecht","gra2",2014-11-25,"Bird-fruit","gra2_2014-11-25_Bird-fruit",1
"Lantana camara","Ploceus ocularis","gra2",2014-11-25,"Bird-fruit","gra2_2014-11-25_Bird-fruit",1
"Cissus oliveri","Pycnonotus barbatus","gra2",2014-11-25,"Bird-fruit","gra2_2014-11-25_Bird-fruit",1
"Lantana camara","Pycnonotus barbatus","gra2",2014-11-25,"Bird-fruit","gra2_2014-11-25_Bird-fruit",59
"Rhamnus prinoides","Pycnonotus barbatus","gra2",2014-11-25,"Bird-fruit","gra2_2014-11-25_Bird-fruit",2
"Rubus steudneri","Pycnonotus barbatus","gra2",2014-11-25,"Bird-fruit","gra2_2014-11-25_Bird-fruit",1
"Smilax anceps","Pycnonotus barbatus","gra2",2014-11-25,"Bird-fruit","gra2_2014-11-25_Bird-fruit",6
"Lantana camara","Sylvia atricapilla","gra2",2014-11-25,"Bird-fruit","gra2_2014-11-25_Bird-fruit",9
"Smilax anceps","Sylvia atricapilla","gra2",2014-11-25,"Bird-fruit","gra2_2014-11-25_Bird-fruit",4
"Lantana camara","Zosterops poliogastrus","gra2",2014-11-25,"Bird-fruit","gra2_2014-11-25_Bird-fruit",1
"Rhamnus prinoides","Apalis flavida","gra4",2014-01-06,"Bird-fruit","gra4_2014-01-06_Bird-fruit",1
"Euclea racemosa","Colius striatus","gra4",2014-01-06,"Bird-fruit","gra4_2014-01-06_Bird-fruit",13
"Jasminum meyeri-johannis","Colius striatus","gra4",2014-01-06,"Bird-fruit","gra4_2014-01-06_Bird-fruit",10
"Rhamnus prinoides","Colius striatus","gra4",2014-01-06,"Bird-fruit","gra4_2014-01-06_Bird-fruit",13
"Euclea racemosa","Ploceus baglafecht","gra4",2014-01-06,"Bird-fruit","gra4_2014-01-06_Bird-fruit",3
"Jasminum meyeri-johannis","Ploceus baglafecht","gra4",2014-01-06,"Bird-fruit","gra4_2014-01-06_Bird-fruit",10
"Rhamnus prinoides","Ploceus baglafecht","gra4",2014-01-06,"Bird-fruit","gra4_2014-01-06_Bird-fruit",24
"Euclea racemosa","Pycnonotus barbatus","gra4",2014-01-06,"Bird-fruit","gra4_2014-01-06_Bird-fruit",1
"Jasminum meyeri-johannis","Pycnonotus barbatus","gra4",2014-01-06,"Bird-fruit","gra4_2014-01-06_Bird-fruit",4
"Rhamnus prinoides","Pycnonotus barbatus","gra4",2014-01-06,"Bird-fruit","gra4_2014-01-06_Bird-fruit",42
"Rhamnus prinoides","Sylvia communis","gra4",2014-01-06,"Bird-fruit","gra4_2014-01-06_Bird-fruit",5
"Rhamnus prinoides","Amadina fasciata","gra5",2015-01-26,"Bird-fruit","gra5_2015-01-26_Bird-fruit",4
"Euclea racemosa","Colius striatus","gra5",2015-01-26,"Bird-fruit","gra5_2015-01-26_Bird-fruit",33
"Lantana camara","Colius striatus","gra5",2015-01-26,"Bird-fruit","gra5_2015-01-26_Bird-fruit",17
"Rhamnus prinoides","Colius striatus","gra5",2015-01-26,"Bird-fruit","gra5_2015-01-26_Bird-fruit",11
"Lantana camara","Euplectes capensis","gra5",2015-01-26,"Bird-fruit","gra5_2015-01-26_Bird-fruit",1
"Euclea racemosa","Ploceus baglafecht","gra5",2015-01-26,"Bird-fruit","gra5_2015-01-26_Bird-fruit",2
"Lantana camara","Ploceus baglafecht","gra5",2015-01-26,"Bird-fruit","gra5_2015-01-26_Bird-fruit",16
"Rhamnus prinoides","Ploceus baglafecht","gra5",2015-01-26,"Bird-fruit","gra5_2015-01-26_Bird-fruit",13
"Euclea racemosa","Pycnonotus barbatus","gra5",2015-01-26,"Bird-fruit","gra5_2015-01-26_Bird-fruit",2
"Lantana camara","Pycnonotus barbatus","gra5",2015-01-26,"Bird-fruit","gra5_2015-01-26_Bird-fruit",24
"Rhamnus prinoides","Pycnonotus barbatus","gra5",2015-01-26,"Bird-fruit","gra5_2015-01-26_Bird-fruit",22
"Lantana camara","Sylvia borin","gra5",2015-01-26,"Bird-fruit","gra5_2015-01-26_Bird-fruit",1
"Lantana camara","Sylvia communis","gra5",2015-01-26,"Bird-fruit","gra5_2015-01-26_Bird-fruit",4
"Rhamnus prinoides","Sylvia communis","gra5",2015-01-26,"Bird-fruit","gra5_2015-01-26_Bird-fruit",3
"Carissa edulis","Colius striatus","gra6",2014-12-08,"Bird-fruit","gra6_2014-12-08_Bird-fruit",3
"Rhamnus prinoides","Colius striatus","gra6",2014-12-08,"Bird-fruit","gra6_2014-12-08_Bird-fruit",10
"Rhamnus prinoides","Ploceus baglafecht","gra6",2014-12-08,"Bird-fruit","gra6_2014-12-08_Bird-fruit",21
"Carissa edulis","Pycnonotus barbatus","gra6",2014-12-08,"Bird-fruit","gra6_2014-12-08_Bird-fruit",8
"Cyphostemma kilimandscharica","Pycnonotus barbatus","gra6",2014-12-08,"Bird-fruit","gra6_2014-12-08_Bird-fruit",1
"Lantana camara","Pycnonotus barbatus","gra6",2014-12-08,"Bird-fruit","gra6_2014-12-08_Bird-fruit",3
"Rhamnus prinoides","Pycnonotus barbatus","gra6",2014-12-08,"Bird-fruit","gra6_2014-12-08_Bird-fruit",55
"Rhamnus prinoides","Sylvia atricapilla","gra6",2014-12-08,"Bird-fruit","gra6_2014-12-08_Bird-fruit",2
"Rhamnus prinoides","Sylvia borin","gra6",2014-12-08,"Bird-fruit","gra6_2014-12-08_Bird-fruit",1
"Cissus oliveri","Andropadus milanjensis","hom1",2014-08-18,"Bird-fruit","hom1_2014-08-18_Bird-fruit",1
"Erianthemum dregei","Andropadus milanjensis","hom1",2014-08-18,"Bird-fruit","hom1_2014-08-18_Bird-fruit",1
"Smilax anceps","Andropadus milanjensis","hom1",2014-08-18,"Bird-fruit","hom1_2014-08-18_Bird-fruit",4
"Zehneria scabra","Andropadus milanjensis","hom1",2014-08-18,"Bird-fruit","hom1_2014-08-18_Bird-fruit",2
"Erianthemum dregei","Batis molitor","hom1",2014-08-18,"Bird-fruit","hom1_2014-08-18_Bird-fruit",1
"Croton megalocarpus","Bycanistes brevis","hom1",2014-08-18,"Bird-fruit","hom1_2014-08-18_Bird-fruit",11
"Ekebergia capensis","Bycanistes brevis","hom1",2014-08-18,"Bird-fruit","hom1_2014-08-18_Bird-fruit",12
"Eriobotrya japonica","Bycanistes brevis","hom1",2014-08-18,"Bird-fruit","hom1_2014-08-18_Bird-fruit",8
"Erianthemum dregei","Cinnyricinclus leucogaster","hom1",2014-08-18,"Bird-fruit","hom1_2014-08-18_Bird-fruit",1
"Smilax anceps","Cinnyricinclus leucogaster","hom1",2014-08-18,"Bird-fruit","hom1_2014-08-18_Bird-fruit",3
"Zehneria scabra","Cinnyricinclus leucogaster","hom1",2014-08-18,"Bird-fruit","hom1_2014-08-18_Bird-fruit",1
"Erianthemum dregei","Cinnyricinclus sharpii","hom1",2014-08-18,"Bird-fruit","hom1_2014-08-18_Bird-fruit",4
"Zehneria scabra","Cinnyricinclus sharpii","hom1",2014-08-18,"Bird-fruit","hom1_2014-08-18_Bird-fruit",1
"Cissus oliveri","Colius striatus","hom1",2014-08-18,"Bird-fruit","hom1_2014-08-18_Bird-fruit",3
"Erianthemum dregei","Colius striatus","hom1",2014-08-18,"Bird-fruit","hom1_2014-08-18_Bird-fruit",5
"Solanum nigrum","Colius striatus","hom1",2014-08-18,"Bird-fruit","hom1_2014-08-18_Bird-fruit",2
"Zehneria scabra","Colius striatus","hom1",2014-08-18,"Bird-fruit","hom1_2014-08-18_Bird-fruit",8
"Erianthemum dregei","Columba arquatrix","hom1",2014-08-18,"Bird-fruit","hom1_2014-08-18_Bird-fruit",2
"Erianthemum dregei","Lybius melanopterus","hom1",2014-08-18,"Bird-fruit","hom1_2014-08-18_Bird-fruit",3
"Zehneria scabra","Lybius melanopterus","hom1",2014-08-18,"Bird-fruit","hom1_2014-08-18_Bird-fruit",2
"Croton megalocarpus","Onychognathus walleri","hom1",2014-08-18,"Bird-fruit","hom1_2014-08-18_Bird-fruit",6
"Erianthemum dregei","Onychognathus walleri","hom1",2014-08-18,"Bird-fruit","hom1_2014-08-18_Bird-fruit",1
"Smilax anceps","Onychognathus walleri","hom1",2014-08-18,"Bird-fruit","hom1_2014-08-18_Bird-fruit",4
"Zehneria scabra","Onychognathus walleri","hom1",2014-08-18,"Bird-fruit","hom1_2014-08-18_Bird-fruit",2
"Erianthemum dregei","Phyllastrephus strepitans","hom1",2014-08-18,"Bird-fruit","hom1_2014-08-18_Bird-fruit",1
"Smilax anceps","Phyllastrephus strepitans","hom1",2014-08-18,"Bird-fruit","hom1_2014-08-18_Bird-fruit",4
"Zehneria scabra","Phyllastrephus strepitans","hom1",2014-08-18,"Bird-fruit","hom1_2014-08-18_Bird-fruit",5
"Erianthemum dregei","Ploceus baglafecht","hom1",2014-08-18,"Bird-fruit","hom1_2014-08-18_Bird-fruit",1
"Smilax anceps","Ploceus baglafecht","hom1",2014-08-18,"Bird-fruit","hom1_2014-08-18_Bird-fruit",2
"Erianthemum dregei","Ploceus ocularis","hom1",2014-08-18,"Bird-fruit","hom1_2014-08-18_Bird-fruit",2
"Smilax anceps","Ploceus ocularis","hom1",2014-08-18,"Bird-fruit","hom1_2014-08-18_Bird-fruit",1
"Zehneria scabra","Ploceus ocularis","hom1",2014-08-18,"Bird-fruit","hom1_2014-08-18_Bird-fruit",1
"Cissus oliveri","Poeoptera kenricki","hom1",2014-08-18,"Bird-fruit","hom1_2014-08-18_Bird-fruit",6
"Croton megalocarpus","Poeoptera kenricki","hom1",2014-08-18,"Bird-fruit","hom1_2014-08-18_Bird-fruit",2
"Erianthemum dregei","Poeoptera kenricki","hom1",2014-08-18,"Bird-fruit","hom1_2014-08-18_Bird-fruit",3
"Erianthemum dregei","Pogoniulus leucomystax","hom1",2014-08-18,"Bird-fruit","hom1_2014-08-18_Bird-fruit",40
"Cissus oliveri","Pycnonotus barbatus","hom1",2014-08-18,"Bird-fruit","hom1_2014-08-18_Bird-fruit",2
"Erianthemum dregei","Pycnonotus barbatus","hom1",2014-08-18,"Bird-fruit","hom1_2014-08-18_Bird-fruit",1
"Smilax anceps","Pycnonotus barbatus","hom1",2014-08-18,"Bird-fruit","hom1_2014-08-18_Bird-fruit",5
"Zehneria scabra","Pycnonotus barbatus","hom1",2014-08-18,"Bird-fruit","hom1_2014-08-18_Bird-fruit",3
"Croton megalocarpus","Tauraco hartlaubi","hom1",2014-08-18,"Bird-fruit","hom1_2014-08-18_Bird-fruit",6
"Ekebergia capensis","Tauraco hartlaubi","hom1",2014-08-18,"Bird-fruit","hom1_2014-08-18_Bird-fruit",9
"Eriobotrya japonica","Tauraco hartlaubi","hom1",2014-08-18,"Bird-fruit","hom1_2014-08-18_Bird-fruit",9
"Croton megalocarpus","Tockus alboterminatus","hom1",2014-08-18,"Bird-fruit","hom1_2014-08-18_Bird-fruit",1
"Ekebergia capensis","Tockus alboterminatus","hom1",2014-08-18,"Bird-fruit","hom1_2014-08-18_Bird-fruit",2
"Eriobotrya japonica","Tockus alboterminatus","hom1",2014-08-18,"Bird-fruit","hom1_2014-08-18_Bird-fruit",1
"Erianthemum dregei","Treron calvus","hom1",2014-08-18,"Bird-fruit","hom1_2014-08-18_Bird-fruit",1
"Erianthemum dregei","Turdus olivaceus","hom1",2014-08-18,"Bird-fruit","hom1_2014-08-18_Bird-fruit",1
"Smilax anceps","Turdus olivaceus","hom1",2014-08-18,"Bird-fruit","hom1_2014-08-18_Bird-fruit",3
"Zehneria scabra","Turdus olivaceus","hom1",2014-08-18,"Bird-fruit","hom1_2014-08-18_Bird-fruit",2
"Erianthemum dregei","Zosterops poliogastrus","hom1",2014-08-18,"Bird-fruit","hom1_2014-08-18_Bird-fruit",11
"Zehneria scabra","Zosterops poliogastrus","hom1",2014-08-18,"Bird-fruit","hom1_2014-08-18_Bird-fruit",1
"Solanum nigrum","Pogonocichla stellata","hom3",2015-07-27,"Bird-fruit","hom3_2015-07-27_Bird-fruit",1
"Maesopsis eminii","Tauraco hartlaubi","hom3",2015-07-27,"Bird-fruit","hom3_2015-07-27_Bird-fruit",12
"Maesopsis eminii","Tockus alboterminatus","hom3",2015-07-27,"Bird-fruit","hom3_2015-07-27_Bird-fruit",4
"Solanum nigrum","Turdus olivaceus","hom3",2015-07-27,"Bird-fruit","hom3_2015-07-27_Bird-fruit",1
"Erianthemum dregei","Anaplectes rubriceps","hom5",2015-09-07,"Bird-fruit","hom5_2015-09-07_Bird-fruit",1
"Croton megalocarpus","Bycanistes brevis","hom5",2015-09-07,"Bird-fruit","hom5_2015-09-07_Bird-fruit",2
"Maesopsis eminii","Bycanistes brevis","hom5",2015-09-07,"Bird-fruit","hom5_2015-09-07_Bird-fruit",1
"Erianthemum dregei","Cinnyricinclus leucogaster","hom5",2015-09-07,"Bird-fruit","hom5_2015-09-07_Bird-fruit",2
"Erianthemum dregei","Oriolus larvatus","hom5",2015-09-07,"Bird-fruit","hom5_2015-09-07_Bird-fruit",1
"Erianthemum dregei","Pycnonotus barbatus","hom5",2015-09-07,"Bird-fruit","hom5_2015-09-07_Bird-fruit",1
"Solanum nigrum","Pycnonotus barbatus","hom5",2015-09-07,"Bird-fruit","hom5_2015-09-07_Bird-fruit",1
"Croton megalocarpus","Stactolaema leucotis","hom5",2015-09-07,"Bird-fruit","hom5_2015-09-07_Bird-fruit",7
"Erianthemum dregei","Stactolaema leucotis","hom5",2015-09-07,"Bird-fruit","hom5_2015-09-07_Bird-fruit",2
"Erianthemum dregei","Tauraco hartlaubi","hom5",2015-09-07,"Bird-fruit","hom5_2015-09-07_Bird-fruit",1
"Maesopsis eminii","Tauraco hartlaubi","hom5",2015-09-07,"Bird-fruit","hom5_2015-09-07_Bird-fruit",2
"Solanum nigrum","Tricholaema lacrymosa","hom5",2015-09-07,"Bird-fruit","hom5_2015-09-07_Bird-fruit",1
"Lannea schimperi","Cinnyricinclus leucogaster","mai2",2015-01-26,"Bird-fruit","mai2_2015-01-26_Bird-fruit",80
"Lannea schimperi","Colius striatus","mai2",2015-01-26,"Bird-fruit","mai2_2015-01-26_Bird-fruit",97
"Lannea schimperi","Lybius leucocephalus","mai2",2015-01-26,"Bird-fruit","mai2_2015-01-26_Bird-fruit",22
"Lannea schimperi","Lybius melanopterus","mai2",2015-01-26,"Bird-fruit","mai2_2015-01-26_Bird-fruit",6
"Lannea schimperi","Monticola saxatilis","mai2",2015-01-26,"Bird-fruit","mai2_2015-01-26_Bird-fruit",3
"Lannea schimperi","Oenanthe pleschanka","mai2",2015-01-26,"Bird-fruit","mai2_2015-01-26_Bird-fruit",3
"Lannea schimperi","Onychognathus morio","mai2",2015-01-26,"Bird-fruit","mai2_2015-01-26_Bird-fruit",2
"Lannea schimperi","Passer griseus","mai2",2015-01-26,"Bird-fruit","mai2_2015-01-26_Bird-fruit",3
"Lannea schimperi","Ploceus baglafecht","mai2",2015-01-26,"Bird-fruit","mai2_2015-01-26_Bird-fruit",14
"Lannea schimperi","Pogoniulus pusillus","mai2",2015-01-26,"Bird-fruit","mai2_2015-01-26_Bird-fruit",2
"Lannea schimperi","Pycnonotus barbatus","mai2",2015-01-26,"Bird-fruit","mai2_2015-01-26_Bird-fruit",74
"Lannea schimperi","Serinus mozambicus","mai2",2015-01-26,"Bird-fruit","mai2_2015-01-26_Bird-fruit",3
"Morus alba","Serinus striolatus","mai2",2015-01-26,"Bird-fruit","mai2_2015-01-26_Bird-fruit",2
"Lannea schimperi","Tockus nasutus","mai2",2015-01-26,"Bird-fruit","mai2_2015-01-26_Bird-fruit",20
"Lannea schimperi","Tricholaema lacrymosa","mai2",2015-01-26,"Bird-fruit","mai2_2015-01-26_Bird-fruit",1
"Lannea schimperi","Urocolius macrourus","mai2",2015-01-26,"Bird-fruit","mai2_2015-01-26_Bird-fruit",4
"Lantana camara","Cichladusa guttata","mai5",2014-01-13,"Bird-fruit","mai5_2014-01-13_Bird-fruit",5
"Lantana camara","Petronia pyrgita","mai5",2014-01-13,"Bird-fruit","mai5_2014-01-13_Bird-fruit",8
"Cissus quinquangularis","Pycnonotus barbatus","mai5",2014-01-13,"Bird-fruit","mai5_2014-01-13_Bird-fruit",12
"Flueggea virosa","Pycnonotus barbatus","mai5",2014-01-13,"Bird-fruit","mai5_2014-01-13_Bird-fruit",9
"Lantana camara","Pycnonotus barbatus","mai5",2014-01-13,"Bird-fruit","mai5_2014-01-13_Bird-fruit",9
"Lantana camara","Sylvia communis","mai5",2014-01-13,"Bird-fruit","mai5_2014-01-13_Bird-fruit",6
"Lantana camara","Zosterops abyssinicus","mai5",2014-01-13,"Bird-fruit","mai5_2014-01-13_Bird-fruit",6
"Bridelia cathartica","Anaplectes rubriceps","sav1",2014-07-28,"Bird-fruit","sav1_2014-07-28_Bird-fruit",2
"Cyphostemma sp.","Anaplectes rubriceps","sav1",2014-07-28,"Bird-fruit","sav1_2014-07-28_Bird-fruit",1
"Erianthemum dregei","Anaplectes rubriceps","sav1",2014-07-28,"Bird-fruit","sav1_2014-07-28_Bird-fruit",1
"Lantana camara","Anaplectes rubriceps","sav1",2014-07-28,"Bird-fruit","sav1_2014-07-28_Bird-fruit",2
"Ozoroa insignis","Anaplectes rubriceps","sav1",2014-07-28,"Bird-fruit","sav1_2014-07-28_Bird-fruit",3
"Lantana camara","Cichladusa guttata","sav1",2014-07-28,"Bird-fruit","sav1_2014-07-28_Bird-fruit",1
"Ozoroa insignis","Cichladusa guttata","sav1",2014-07-28,"Bird-fruit","sav1_2014-07-28_Bird-fruit",1
"Cyphostemma sp.","Cinnyricinclus leucogaster","sav1",2014-07-28,"Bird-fruit","sav1_2014-07-28_Bird-fruit",1
"Erianthemum dregei","Cinnyricinclus leucogaster","sav1",2014-07-28,"Bird-fruit","sav1_2014-07-28_Bird-fruit",2
"Ozoroa insignis","Cinnyricinclus leucogaster","sav1",2014-07-28,"Bird-fruit","sav1_2014-07-28_Bird-fruit",6
"Cyphostemma serpens","Colius striatus","sav1",2014-07-28,"Bird-fruit","sav1_2014-07-28_Bird-fruit",2
"Cyphostemma sp.","Colius striatus","sav1",2014-07-28,"Bird-fruit","sav1_2014-07-28_Bird-fruit",1
"Lantana camara","Colius striatus","sav1",2014-07-28,"Bird-fruit","sav1_2014-07-28_Bird-fruit",3
"Ozoroa insignis","Colius striatus","sav1",2014-07-28,"Bird-fruit","sav1_2014-07-28_Bird-fruit",17
"Lantana camara","Emberiza flaviventris","sav1",2014-07-28,"Bird-fruit","sav1_2014-07-28_Bird-fruit",1
"Bridelia cathartica","Francolinus sephaena","sav1",2014-07-28,"Bird-fruit","sav1_2014-07-28_Bird-fruit",2
"Commiphora africana","Lamprotornis chalybaeus","sav1",2014-07-28,"Bird-fruit","sav1_2014-07-28_Bird-fruit",1
"Emelianthe panganensis","Lamprotornis chalybaeus","sav1",2014-07-28,"Bird-fruit","sav1_2014-07-28_Bird-fruit",2
"Ozoroa insignis","Lamprotornis chalybaeus","sav1",2014-07-28,"Bird-fruit","sav1_2014-07-28_Bird-fruit",11
"Ozoroa insignis","Lamprotornis corruscus","sav1",2014-07-28,"Bird-fruit","sav1_2014-07-28_Bird-fruit",4
"Lantana camara","Ploceus intermedius","sav1",2014-07-28,"Bird-fruit","sav1_2014-07-28_Bird-fruit",1
"Commiphora africana","Pogoniulus pusillus","sav1",2014-07-28,"Bird-fruit","sav1_2014-07-28_Bird-fruit",1
"Cyphostemma serpens","Pogoniulus pusillus","sav1",2014-07-28,"Bird-fruit","sav1_2014-07-28_Bird-fruit",1
"Emelianthe panganensis","Pogoniulus pusillus","sav1",2014-07-28,"Bird-fruit","sav1_2014-07-28_Bird-fruit",2
"Erianthemum dregei","Pogoniulus pusillus","sav1",2014-07-28,"Bird-fruit","sav1_2014-07-28_Bird-fruit",1
"Ozoroa insignis","Pogoniulus pusillus","sav1",2014-07-28,"Bird-fruit","sav1_2014-07-28_Bird-fruit",1
"Bridelia cathartica","Pycnonotus barbatus","sav1",2014-07-28,"Bird-fruit","sav1_2014-07-28_Bird-fruit",6
"Cyphostemma serpens","Pycnonotus barbatus","sav1",2014-07-28,"Bird-fruit","sav1_2014-07-28_Bird-fruit",8
"Cyphostemma sp.","Pycnonotus barbatus","sav1",2014-07-28,"Bird-fruit","sav1_2014-07-28_Bird-fruit",1
"Lantana camara","Pycnonotus barbatus","sav1",2014-07-28,"Bird-fruit","sav1_2014-07-28_Bird-fruit",8
"Ozoroa insignis","Pycnonotus barbatus","sav1",2014-07-28,"Bird-fruit","sav1_2014-07-28_Bird-fruit",18
"Ozoroa insignis","Serinus mozambicus","sav1",2014-07-28,"Bird-fruit","sav1_2014-07-28_Bird-fruit",2
"Commiphora africana","Treron calvus","sav1",2014-07-28,"Bird-fruit","sav1_2014-07-28_Bird-fruit",7
"Emelianthe panganensis","Treron calvus","sav1",2014-07-28,"Bird-fruit","sav1_2014-07-28_Bird-fruit",7
"Cyphostemma sp.","Urocolius macrourus","sav1",2014-07-28,"Bird-fruit","sav1_2014-07-28_Bird-fruit",5
"Emelianthe panganensis","Urocolius macrourus","sav1",2014-07-28,"Bird-fruit","sav1_2014-07-28_Bird-fruit",3
"Ozoroa insignis","Urocolius macrourus","sav1",2014-07-28,"Bird-fruit","sav1_2014-07-28_Bird-fruit",3
"Lantana camara","Zosterops abyssinicus","sav1",2014-07-28,"Bird-fruit","sav1_2014-07-28_Bird-fruit",4
"Ozoroa insignis","Zosterops abyssinicus","sav1",2014-07-28,"Bird-fruit","sav1_2014-07-28_Bird-fruit",10
"Ficus natalensis","Anaplectes rubriceps","sav2",2014-08-04,"Bird-fruit","sav2_2014-08-04_Bird-fruit",1
"Ficus natalensis","Lybius leucocephalus","sav2",2014-08-04,"Bird-fruit","sav2_2014-08-04_Bird-fruit",5
"Ficus natalensis","Ploceus intermedius","sav2",2014-08-04,"Bird-fruit","sav2_2014-08-04_Bird-fruit",1
"Ficus natalensis","Ploceus nigricollis","sav2",2014-08-04,"Bird-fruit","sav2_2014-08-04_Bird-fruit",2
"Emelianthe panganensis","Pogoniulus pusillus","sav2",2014-08-04,"Bird-fruit","sav2_2014-08-04_Bird-fruit",3
"Bridelia cathartica","Pycnonotus barbatus","sav2",2014-08-04,"Bird-fruit","sav2_2014-08-04_Bird-fruit",2
"Ficus natalensis","Pycnonotus barbatus","sav2",2014-08-04,"Bird-fruit","sav2_2014-08-04_Bird-fruit",37
"Ficus natalensis","Tockus nasutus","sav2",2014-08-04,"Bird-fruit","sav2_2014-08-04_Bird-fruit",4
"Ficus natalensis","Trachyphonus erythrocephalus","sav2",2014-08-04,"Bird-fruit","sav2_2014-08-04_Bird-fruit",1
"Ozoroa insignis","Trachyphonus erythrocephalus","sav2",2014-08-04,"Bird-fruit","sav2_2014-08-04_Bird-fruit",2
"Helixanthera kirkii","Urocolius macrourus","sav2",2014-08-04,"Bird-fruit","sav2_2014-08-04_Bird-fruit",10
"Lantana camara","Andropadus importunus","sav3",2015-02-09,"Bird-fruit","sav3_2015-02-09_Bird-fruit",5
"Rhamnus staddo","Andropadus importunus","sav3",2015-02-09,"Bird-fruit","sav3_2015-02-09_Bird-fruit",5
"Lantana camara","Batis molitor","sav3",2015-02-09,"Bird-fruit","sav3_2015-02-09_Bird-fruit",1
"Lantana camara","Cichladusa guttata","sav3",2015-02-09,"Bird-fruit","sav3_2015-02-09_Bird-fruit",1
"Rhamnus staddo","Cichladusa guttata","sav3",2015-02-09,"Bird-fruit","sav3_2015-02-09_Bird-fruit",1
"Lannea schimperi","Colius striatus","sav3",2015-02-09,"Bird-fruit","sav3_2015-02-09_Bird-fruit",6
"Rhamnus staddo","Colius striatus","sav3",2015-02-09,"Bird-fruit","sav3_2015-02-09_Bird-fruit",5
"Cissus quinquangularis","Corythaixoides leucogaster","sav3",2015-02-09,"Bird-fruit","sav3_2015-02-09_Bird-fruit",3
"Lannea schimperi","Corythaixoides leucogaster","sav3",2015-02-09,"Bird-fruit","sav3_2015-02-09_Bird-fruit",3
"Lantana camara","Euplectes capensis","sav3",2015-02-09,"Bird-fruit","sav3_2015-02-09_Bird-fruit",1
"Lantana camara","Hippolais languida","sav3",2015-02-09,"Bird-fruit","sav3_2015-02-09_Bird-fruit",2
"Lantana camara","Irania gutturalis","sav3",2015-02-09,"Bird-fruit","sav3_2015-02-09_Bird-fruit",2
"Rhamnus staddo","Irania gutturalis","sav3",2015-02-09,"Bird-fruit","sav3_2015-02-09_Bird-fruit",3
"Lannea schimperi","Lamprotornis chalybaeus","sav3",2015-02-09,"Bird-fruit","sav3_2015-02-09_Bird-fruit",37
"Lantana camara","Oenanthe oenanthe","sav3",2015-02-09,"Bird-fruit","sav3_2015-02-09_Bird-fruit",2
"Rhamnus staddo","Oenanthe oenanthe","sav3",2015-02-09,"Bird-fruit","sav3_2015-02-09_Bird-fruit",2
"Lantana camara","Petronia pyrgita","sav3",2015-02-09,"Bird-fruit","sav3_2015-02-09_Bird-fruit",4
"Rhamnus staddo","Petronia pyrgita","sav3",2015-02-09,"Bird-fruit","sav3_2015-02-09_Bird-fruit",2
"Lantana camara","Phyllastrephus strepitans","sav3",2015-02-09,"Bird-fruit","sav3_2015-02-09_Bird-fruit",7
"Rhamnus staddo","Phyllastrephus strepitans","sav3",2015-02-09,"Bird-fruit","sav3_2015-02-09_Bird-fruit",4
"Rhamnus staddo","Ploceus nigricollis","sav3",2015-02-09,"Bird-fruit","sav3_2015-02-09_Bird-fruit",1
"Cissus quinquangularis","Pycnonotus barbatus","sav3",2015-02-09,"Bird-fruit","sav3_2015-02-09_Bird-fruit",2
"Harrisonia abyssinica","Pycnonotus barbatus","sav3",2015-02-09,"Bird-fruit","sav3_2015-02-09_Bird-fruit",10
"Lannea schimperi","Pycnonotus barbatus","sav3",2015-02-09,"Bird-fruit","sav3_2015-02-09_Bird-fruit",3
"Lantana camara","Pycnonotus barbatus","sav3",2015-02-09,"Bird-fruit","sav3_2015-02-09_Bird-fruit",1
"Rhamnus staddo","Pycnonotus barbatus","sav3",2015-02-09,"Bird-fruit","sav3_2015-02-09_Bird-fruit",1
"Lannea schimperi","Sylvia atricapilla","sav3",2015-02-09,"Bird-fruit","sav3_2015-02-09_Bird-fruit",2
"Lantana camara","Sylvia atricapilla","sav3",2015-02-09,"Bird-fruit","sav3_2015-02-09_Bird-fruit",1
"Lannea schimperi","Sylvia borin","sav3",2015-02-09,"Bird-fruit","sav3_2015-02-09_Bird-fruit",2
"Lantana camara","Sylvia borin","sav3",2015-02-09,"Bird-fruit","sav3_2015-02-09_Bird-fruit",3
"Rhamnus staddo","Sylvia borin","sav3",2015-02-09,"Bird-fruit","sav3_2015-02-09_Bird-fruit",3
"Erianthemum dregei","Sylvia communis","sav3",2015-02-09,"Bird-fruit","sav3_2015-02-09_Bird-fruit",1
"Harrisonia abyssinica","Sylvia communis","sav3",2015-02-09,"Bird-fruit","sav3_2015-02-09_Bird-fruit",2
"Lantana camara","Sylvia communis","sav3",2015-02-09,"Bird-fruit","sav3_2015-02-09_Bird-fruit",24
"Rhamnus staddo","Sylvia communis","sav3",2015-02-09,"Bird-fruit","sav3_2015-02-09_Bird-fruit",17
"Cissus quinquangularis","Tockus deckeni","sav3",2015-02-09,"Bird-fruit","sav3_2015-02-09_Bird-fruit",1
"Lannea schimperi","Tockus deckeni","sav3",2015-02-09,"Bird-fruit","sav3_2015-02-09_Bird-fruit",1
"Cissus quinquangularis","Tockus nasutus","sav3",2015-02-09,"Bird-fruit","sav3_2015-02-09_Bird-fruit",6
"Lannea schimperi","Tockus nasutus","sav3",2015-02-09,"Bird-fruit","sav3_2015-02-09_Bird-fruit",6
"Lannea schimperi","Trachyphonus erythrocephalus","sav3",2015-02-09,"Bird-fruit","sav3_2015-02-09_Bird-fruit",8
"Rhamnus staddo","Trachyphonus erythrocephalus","sav3",2015-02-09,"Bird-fruit","sav3_2015-02-09_Bird-fruit",1
"Rhamnus staddo","Tricholaema lacrymosa","sav3",2015-02-09,"Bird-fruit","sav3_2015-02-09_Bird-fruit",2
"Lantana camara","Turdoides rubiginosa","sav3",2015-02-09,"Bird-fruit","sav3_2015-02-09_Bird-fruit",21
"Rhamnus staddo","Turdoides rubiginosa","sav3",2015-02-09,"Bird-fruit","sav3_2015-02-09_Bird-fruit",5
"Lantana camara","Urocolius macrourus","sav3",2015-02-09,"Bird-fruit","sav3_2015-02-09_Bird-fruit",3
"Commiphora triphylla","Corythaixoides leucogaster","sav4",2014-01-20,"Bird-fruit","sav4_2014-01-20_Bird-fruit",11
"Plicosepalus curviflorus","Corythaixoides leucogaster","sav4",2014-01-20,"Bird-fruit","sav4_2014-01-20_Bird-fruit",1
"Flueggea virosa","Coturnix coturnix","sav4",2014-01-20,"Bird-fruit","sav4_2014-01-20_Bird-fruit",13
"Commiphora triphylla","Petronia pyrgita","sav4",2014-01-20,"Bird-fruit","sav4_2014-01-20_Bird-fruit",9
"Flueggea virosa","Petronia pyrgita","sav4",2014-01-20,"Bird-fruit","sav4_2014-01-20_Bird-fruit",3
"Lantana camara","Petronia pyrgita","sav4",2014-01-20,"Bird-fruit","sav4_2014-01-20_Bird-fruit",4
"Commiphora triphylla","Ploceus rubiginosus","sav4",2014-01-20,"Bird-fruit","sav4_2014-01-20_Bird-fruit",5
"Commiphora triphylla","Pycnonotus barbatus","sav4",2014-01-20,"Bird-fruit","sav4_2014-01-20_Bird-fruit",5
"Flueggea virosa","Pycnonotus barbatus","sav4",2014-01-20,"Bird-fruit","sav4_2014-01-20_Bird-fruit",4
"Lantana camara","Pycnonotus barbatus","sav4",2014-01-20,"Bird-fruit","sav4_2014-01-20_Bird-fruit",3
"Plicosepalus curviflorus","Pycnonotus barbatus","sav4",2014-01-20,"Bird-fruit","sav4_2014-01-20_Bird-fruit",2
"Lantana camara","Sylvia communis","sav4",2014-01-20,"Bird-fruit","sav4_2014-01-20_Bird-fruit",1
"Commiphora triphylla","Tockus deckeni","sav4",2014-01-20,"Bird-fruit","sav4_2014-01-20_Bird-fruit",4
"Commiphora triphylla","Tockus erythrorhynchus","sav4",2014-01-20,"Bird-fruit","sav4_2014-01-20_Bird-fruit",1
"Plicosepalus curviflorus","Tricholaema lacrymosa","sav4",2014-01-20,"Bird-fruit","sav4_2014-01-20_Bird-fruit",2
"Lantana camara","Turdoides rubiginosa","sav4",2014-01-20,"Bird-fruit","sav4_2014-01-20_Bird-fruit",8
"Plicosepalus curviflorus","Urocolius macrourus","sav4",2014-01-20,"Bird-fruit","sav4_2014-01-20_Bird-fruit",3
"Ozoroa insignis","Andropadus importunus","sav5",2015-07-20,"Bird-fruit","sav5_2015-07-20_Bird-fruit",5
"Cissus quinquangularis","Corythaixoides leucogaster","sav5",2015-07-20,"Bird-fruit","sav5_2015-07-20_Bird-fruit",4
"Commiphora africana","Corythaixoides leucogaster","sav5",2015-07-20,"Bird-fruit","sav5_2015-07-20_Bird-fruit",5
"Commiphora sp.","Corythaixoides leucogaster","sav5",2015-07-20,"Bird-fruit","sav5_2015-07-20_Bird-fruit",1
"Ziziphus mucronata","Corythaixoides leucogaster","sav5",2015-07-20,"Bird-fruit","sav5_2015-07-20_Bird-fruit",3
"Commiphora africana","Lamprotornis superbus","sav5",2015-07-20,"Bird-fruit","sav5_2015-07-20_Bird-fruit",24
"Commiphora africana","Onychognathus morio","sav5",2015-07-20,"Bird-fruit","sav5_2015-07-20_Bird-fruit",4
"Ozoroa insignis","Onychognathus morio","sav5",2015-07-20,"Bird-fruit","sav5_2015-07-20_Bird-fruit",3
"Ziziphus mucronata","Onychognathus morio","sav5",2015-07-20,"Bird-fruit","sav5_2015-07-20_Bird-fruit",1
"Cissus quinquangularis","Phyllastrephus strepitans","sav5",2015-07-20,"Bird-fruit","sav5_2015-07-20_Bird-fruit",2
"Plicosepalus curviflorus","Phyllastrephus strepitans","sav5",2015-07-20,"Bird-fruit","sav5_2015-07-20_Bird-fruit",1
"Commiphora africana","Ploceus intermedius","sav5",2015-07-20,"Bird-fruit","sav5_2015-07-20_Bird-fruit",1
"Plicosepalus curviflorus","Pogoniulus pusillus","sav5",2015-07-20,"Bird-fruit","sav5_2015-07-20_Bird-fruit",1
"Commiphora africana","Poicephalus rufiventris","sav5",2015-07-20,"Bird-fruit","sav5_2015-07-20_Bird-fruit",3
"Ozoroa insignis","Poicephalus rufiventris","sav5",2015-07-20,"Bird-fruit","sav5_2015-07-20_Bird-fruit",4
"Cissus quinquangularis","Pycnonotus barbatus","sav5",2015-07-20,"Bird-fruit","sav5_2015-07-20_Bird-fruit",1
"Commiphora africana","Pycnonotus barbatus","sav5",2015-07-20,"Bird-fruit","sav5_2015-07-20_Bird-fruit",1
"Commiphora africana","Stactolaema leucotis","sav5",2015-07-20,"Bird-fruit","sav5_2015-07-20_Bird-fruit",2
"Cissus quinquangularis","Streptopelia semitorquata","sav5",2015-07-20,"Bird-fruit","sav5_2015-07-20_Bird-fruit",1
"Cissus quinquangularis","Tockus deckeni","sav5",2015-07-20,"Bird-fruit","sav5_2015-07-20_Bird-fruit",2
"Commiphora africana","Tockus deckeni","sav5",2015-07-20,"Bird-fruit","sav5_2015-07-20_Bird-fruit",4
"Commiphora sp.","Tockus deckeni","sav5",2015-07-20,"Bird-fruit","sav5_2015-07-20_Bird-fruit",2
"Emelianthe panganensis","Tockus deckeni","sav5",2015-07-20,"Bird-fruit","sav5_2015-07-20_Bird-fruit",2
"Ziziphus mucronata","Tockus deckeni","sav5",2015-07-20,"Bird-fruit","sav5_2015-07-20_Bird-fruit",3
"Cissus quinquangularis","Tockus nasutus","sav5",2015-07-20,"Bird-fruit","sav5_2015-07-20_Bird-fruit",1
"Commiphora africana","Tockus nasutus","sav5",2015-07-20,"Bird-fruit","sav5_2015-07-20_Bird-fruit",1
"Commiphora sp.","Tockus nasutus","sav5",2015-07-20,"Bird-fruit","sav5_2015-07-20_Bird-fruit",2
"Ziziphus mucronata","Tockus nasutus","sav5",2015-07-20,"Bird-fruit","sav5_2015-07-20_Bird-fruit",1
"Cissus quinquangularis","Trachyphonus erythrocephalus","sav5",2015-07-20,"Bird-fruit","sav5_2015-07-20_Bird-fruit",1
"Commiphora africana","Trachyphonus erythrocephalus","sav5",2015-07-20,"Bird-fruit","sav5_2015-07-20_Bird-fruit",1
"Ziziphus mucronata","Trachyphonus erythrocephalus","sav5",2015-07-20,"Bird-fruit","sav5_2015-07-20_Bird-fruit",2
"Cissus quinquangularis","Tricholaema lacrymosa","sav5",2015-07-20,"Bird-fruit","sav5_2015-07-20_Bird-fruit",1
"Commiphora africana","Tricholaema lacrymosa","sav5",2015-07-20,"Bird-fruit","sav5_2015-07-20_Bird-fruit",17
"Cissus quinquangularis","Urocolius macrourus","sav5",2015-07-20,"Bird-fruit","sav5_2015-07-20_Bird-fruit",2
"Plicosepalus curviflorus","Urocolius macrourus","sav5",2015-07-20,"Bird-fruit","sav5_2015-07-20_Bird-fruit",2
